State,Location,State_Location,Climate,Latitude,Lati_unit,Longitude,Longi_unit
Andaman Nicobar,Nicobar,"Andaman Nicobar, Nicobar",Warm & Humid,7,N,93.7842,E
Andaman Nicobar,North Middle Andaman,"Andaman Nicobar, North Middle Andaman",Warm & Humid,12.88,N,92.85,E
Andaman Nicobar,South Andaman,"Andaman Nicobar, South Andaman",Warm & Humid,11.56,N,92.68,E
Andhra Pradesh,Anantapur,"Andhra Pradesh, Anantapur",Warm & Humid,14,N,77.65,E
Andhra Pradesh,Chittoor,"Andhra Pradesh, Chittoor",Warm & Humid,13,N,79.13,E
Andhra Pradesh,East Godavari,"Andhra Pradesh, East Godavari",Warm & Humid,17.27,N,81.83,E
Andhra Pradesh,Guntur,"Andhra Pradesh, Guntur",Warm & Humid,16.3,N,80.48,E
Andhra Pradesh,Kadapa,"Andhra Pradesh, Kadapa",Warm & Humid,14.47,N,78.87,E
Andhra Pradesh,Krishna,"Andhra Pradesh, Krishna",Warm & Humid,16.66,N,80.71,E
Andhra Pradesh,Kurnool,"Andhra Pradesh, Kurnool",Warm & Humid,15.83,N,81.17,E
Andhra Pradesh,Nellore,"Andhra Pradesh, Nellore",Warm & Humid,14,N,80.03,E
Andhra Pradesh,Prakasam,"Andhra Pradesh, Prakasam",Warm & Humid,15,N,78.47,E
Andhra Pradesh,Srikakulam,"Andhra Pradesh, Srikakulam",Warm & Humid,18,N,83.97,E
Andhra Pradesh,Visakhapatnam,"Andhra Pradesh, Visakhapatnam",Warm & Humid,17,N,83.25,E
Andhra Pradesh,Vizianagaram,"Andhra Pradesh, Vizianagaram",Warm & Humid,18,N,83.45,E
Andhra Pradesh,West Godavari,"Andhra Pradesh, West Godavari",Warm & Humid,16,N,82.3,E
Arunachal Pradesh,Anjaw,"Arunachal Pradesh, Anjaw",Warm & Humid,29,N,81.17,E
Arunachal Pradesh,Central Siang,"Arunachal Pradesh, Central Siang","Cold,Warm & Humid",28.21,N,94.72,E
Arunachal Pradesh,Changlang,"Arunachal Pradesh, Changlang",Warm & Humid,16,N,75.75,E
Arunachal Pradesh,Dibang Valley,"Arunachal Pradesh, Dibang Valley",Warm & Humid,29,N,97.83,E
Arunachal Pradesh,East Kameng,"Arunachal Pradesh, East Kameng","Cold,Warm & Humid",27,N,93.4,E
Arunachal Pradesh,East Siang,"Arunachal Pradesh, East Siang",Warm & Humid,28.1,N,95.14,E
Arunachal Pradesh,Kamle,"Arunachal Pradesh, Kamle",,27.73,N,94.09,E
Arunachal Pradesh,Kra Daadi,"Arunachal Pradesh, Kra Daadi",Cold,27.66,N,93.62,E
Arunachal Pradesh,Kurung Kumey,"Arunachal Pradesh, Kurung Kumey",Cold,27.83,N,93.42,E
Arunachal Pradesh,Lepa Rada,"Arunachal Pradesh, Lepa Rada",,27.98,N,94.68,E
Arunachal Pradesh,Lohit,"Arunachal Pradesh, Lohit",Warm & Humid,29,N,97.4,E
Arunachal Pradesh,Longding,"Arunachal Pradesh, Longding",Warm & Humid,26.87,N,95.31,E
Arunachal Pradesh,Lower Dibang Valley,"Arunachal Pradesh, Lower Dibang Valley",Warm & Humid,28.42,N,95.87,E
Arunachal Pradesh,Lower Siang,"Arunachal Pradesh, Lower Siang",Warm & Humid,27.59,N,27.595603°,E
Arunachal Pradesh,Lower Subansiri,"Arunachal Pradesh, Lower Subansiri",Warm & Humid,27,N,93.6,E
Arunachal Pradesh,Namsai,"Arunachal Pradesh, Namsai",Warm & Humid,27.66,N,95.86,E
Arunachal Pradesh,Pakke Kessang,"Arunachal Pradesh, Pakke Kessang",,27.15,N,93.2,E
Arunachal Pradesh,Papum Pare,"Arunachal Pradesh, Papum Pare",Warm & Humid,27,N,90.25,E
Arunachal Pradesh,Shi Yomi,"Arunachal Pradesh, Shi Yomi",,28.53,N,94.37,E
Arunachal Pradesh,Tawang,"Arunachal Pradesh, Tawang",Cold,27.57,N,91.92,E
Arunachal Pradesh,Tirap,"Arunachal Pradesh, Tirap",Warm & Humid,27,N,97.18,E
Arunachal Pradesh,Upper Siang,"Arunachal Pradesh, Upper Siang",Cold,28.23,N,94.06,E
Arunachal Pradesh,Upper Subansiri,"Arunachal Pradesh, Upper Subansiri",Cold,28,N,94.92,E
Arunachal Pradesh,West Kameng,"Arunachal Pradesh, West Kameng","Cold,Warm & Humid",28,N,92.67,E
Arunachal Pradesh,West Siang,"Arunachal Pradesh, West Siang",Cold,28.14,N,94.74,E
Assam,Baksa,"Assam, Baksa",Warm & Humid,26.66,N,91.34,E
Assam,Barpeta,"Assam, Barpeta",Warm & Humid,26,N,91,E
Assam,Biswanath,"Assam, Biswanath",Warm & Humid,26.74,N,93.13,E
Assam,Bongaigaon,"Assam, Bongaigaon",Warm & Humid,26,N,90.57,E
Assam,Cachar,"Assam, Cachar",Warm & Humid,25,N,93.25,E
Assam,Charaideo,"Assam, Charaideo",Warm & Humid,27.06,N,95.06,E
Assam,Chirang,"Assam, Chirang",Warm & Humid,26.51,N,90.52,E
Assam,Darrang,"Assam, Darrang",Cold,27,N,92.37,E
Assam,Dhemaji,"Assam, Dhemaji",Warm & Humid,27,N,94.97,E
Assam,Dhubri,"Assam, Dhubri",Warm & Humid,26,N,89.97,E
Assam,Dibrugarh,"Assam, Dibrugarh",Warm & Humid,27,N,94.9,E
Assam,Dima Hasao,"Assam, Dima Hasao",Warm & Humid,25.17,N,93.01,E
Assam,Goalpara,"Assam, Goalpara",Warm & Humid,26,N,90.62,E
Assam,Golaghat,"Assam, Golaghat",Warm & Humid,26,N,93.97,E
Assam,Hailakandi,"Assam, Hailakandi",Warm & Humid,24,N,92.57,E
Assam,Hojai,"Assam, Hojai",Warm & Humid,26,N,92.85,E
Assam,Jorhat,"Assam, Jorhat",Warm & Humid,26,N,94.22,E
Assam,Kamrup,"Assam, Kamrup",Warm & Humid,26.25,N,91.52,E
Assam,Kamrup Metropolitan,"Assam, Kamrup Metropolitan",Cold,26.16,N,91.74,E
Assam,Karbi Anglong,"Assam, Karbi Anglong",Warm & Humid,26,N,93.83,E
Assam,Karimganj,"Assam, Karimganj",Warm & Humid,24,N,92.35,E
Assam,Kokrajhar,"Assam, Kokrajhar",Warm & Humid,26,N,90.27,E
Assam,Lakhimpur,"Assam, Lakhimpur",Warm & Humid,27,N,94.33,E
Assam,Majuli,"Assam, Majuli",Warm & Humid,27,N,94.22,E
Assam,Morigaon,"Assam, Morigaon",Cold,26,N,95.08,E
Assam,Nagaon,"Assam, Nagaon",Warm & Humid,26,N,92.68,E
Assam,Nalbari,"Assam, Nalbari",Warm & Humid,26,N,91.43,E
Assam,Sivasagar,"Assam, Sivasagar",Warm & Humid,26,N,94.63,E
Assam,Sonitpur,"Assam, Sonitpur",Warm & Humid,26.62,N,92.79,E
Assam,South Salmara-Mankachar,"Assam, South Salmara-Mankachar",Warm & Humid,25.53,N,89.86,E
Assam,Tinsukia,"Assam, Tinsukia",Warm & Humid,27,N,95.37,E
Assam,Udalguri,"Assam, Udalguri",Warm & Humid,26.74,N,92.09,E
Assam,West Karbi Anglong,"Assam, West Karbi Anglong",Cold,25.84,N,92.57,E
Bihar,Araria,"Bihar, Araria",Warm & Humid,25,N,84.53,E
Bihar,Arwal,"Bihar, Arwal",Composite,25,N,85.13,E
Bihar,Aurangabad,"Bihar, Aurangabad",Composite,24,N,84.42,E
Bihar,Banka,"Bihar, Banka","Composite , Warm & Humid",25,N,85.3,E
Bihar,Begusarai,"Bihar, Begusarai",Composite,25,N,86.6,E
Bihar,Bhagalpur,"Bihar, Bhagalpur",Warm & Humid,25,N,87.02,E
Bihar,Bhojpur,"Bihar, Bhojpur",Composite,25,N,84.75,E
Bihar,Buxar,"Bihar, Buxar",Composite,25,N,84.02,E
Bihar,Darbhanga,"Bihar, Darbhanga",Warm & Humid,26,N,85.95,E
Bihar,East Champaran,"Bihar, East Champaran",Warm & Humid,26,N,84.5,E
Bihar,Gaya,"Bihar, Gaya",Composite,42,N,85.02,E
Bihar,Gopalganj,"Bihar, Gopalganj",Composite,26,N,84.43,E
Bihar,Jamui,"Bihar, Jamui",Composite,24,N,86.22,E
Bihar,Jehanabad,"Bihar, Jehanabad",Composite,25,N,85.25,E
Bihar,Kaimur,"Bihar, Kaimur",Composite,24,N,83.67,E
Bihar,Katihar,"Bihar, Katihar",Warm & Humid,25,N,87.67,E
Bihar,Khagaria,"Bihar, Khagaria","Composite , Warm & Humid",25,N,86.48,E
Bihar,Kishanganj,"Bihar, Kishanganj",Warm & Humid,26,N,87.03,E
Bihar,Lakhisarai,"Bihar, Lakhisarai",Composite,25,N,86.42,E
Bihar,Madhepura,"Bihar, Madhepura",Warm & Humid,26,N,87.12,E
Bihar,Madhubani,"Bihar, Madhubani",Warm & Humid,26,N,86.07,E
Bihar,Munger,"Bihar, Munger",Composite,25,N,86.5,E
Bihar,Muzaffarpur,"Bihar, Muzaffarpur","Composite , Warm & Humid",26,N,85.45,E
Bihar,Nalanda,"Bihar, Nalanda",Composite,25,N,85.45,E
Bihar,Nawada,"Bihar, Nawada",Composite,24,N,85.58,E
Bihar,Patna,"Bihar, Patna",Composite,25,N,85.22,E
Bihar,Purnia,"Bihar, Purnia",Warm & Humid,25,N,87.52,E
Bihar,Rohtas,"Bihar, Rohtas",Composite,25,N,84.3,E
Bihar,Saharsa,"Bihar, Saharsa",Warm & Humid,25,N,86.58,E
Bihar,Samastipur,"Bihar, Samastipur",Composite,25,N,85.08,E
Bihar,Saran,"Bihar, Saran",Composite,26,N,85.25,E
Bihar,Sheikhpura,"Bihar, Sheikhpura",Composite,25,N,85.88,E
Bihar,Sheohar,"Bihar, Sheohar",Warm & Humid,26,N,85.05,E
Bihar,Sitamarhi,"Bihar, Sitamarhi",Warm & Humid,27,N,85,E
Bihar,Siwan,"Bihar, Siwan",Composite,25,N,83.88,E
Bihar,Supaul,"Bihar, Supaul",Warm & Humid,26,N,88.5,E
Bihar,Vaishali,"Bihar, Vaishali",Composite,25,N,85.05,E
Bihar,West Champaran,"Bihar, West Champaran",Composite,26,N,85.3,E
Chandigarh,Chandigarh,"Chandigarh, Chandigarh",Composite,30.73,N,76.779,E
Chhattisgarh,Balod,"Chhattisgarh, Balod",Composite,20.73,N,81.202,E
Chhattisgarh,Baloda Bazar,"Chhattisgarh, Baloda Bazar",Composite,21.65,N,82.15,E
Chhattisgarh,Balrampur,"Chhattisgarh, Balrampur",Composite,27.43,N,82.18,E
Chhattisgarh,Bastar,"Chhattisgarh, Bastar",Composite,19,N,81.5,E
Chhattisgarh,Bemetara,"Chhattisgarh, Bemetara",Composite,21.71,N,81.53,E
Chhattisgarh,Bijapur,"Chhattisgarh, Bijapur",Composite,18.79,N,80.81,E
Chhattisgarh,Bilaspur,"Chhattisgarh, Bilaspur",Composite,22,N,82.22,E
Chhattisgarh,Dantewada,"Chhattisgarh, Dantewada",Warm & Humid,19,N,81.67,E
Chhattisgarh,Dhamtari,"Chhattisgarh, Dhamtari",Composite,20,N,81.57,E
Chhattisgarh,Durg,"Chhattisgarh, Durg",Composite,21,N,81.35,E
Chhattisgarh,Gariaband,"Chhattisgarh, Gariaband",Composite,20.62,N,82.06,E
Chhattisgarh,Janjgir Champa,"Chhattisgarh, Janjgir Champa",Composite,22,N,84.72,E
Chhattisgarh,Jashpur,"Chhattisgarh, Jashpur",Composite,22,N,84.2,E
Chhattisgarh,Kabirdham,"Chhattisgarh, Kabirdham",Composite,22,N,81.23,E
Chhattisgarh,Kanker,"Chhattisgarh, Kanker",Composite,20,N,81.53,E
Chhattisgarh,Kondagaon,"Chhattisgarh, Kondagaon",Composite,19.59,N,81.66,E
Chhattisgarh,Korba,"Chhattisgarh, Korba",Composite,22,N,82.7,E
Chhattisgarh,Koriya,"Chhattisgarh, Koriya",Composite,23,N,84.6,E
Chhattisgarh,Mahasamund,"Chhattisgarh, Mahasamund",Composite,21,N,83.25,E
Chhattisgarh,Mungeli,"Chhattisgarh, Mungeli",Composite,22.06,N,81.68,E
Chhattisgarh,Narayanpur,"Chhattisgarh, Narayanpur",Composite,19.71,N,81.24,E
Chhattisgarh,Raigarh,"Chhattisgarh, Raigarh",Composite,21,N,83.4,E
Chhattisgarh,Raipur,"Chhattisgarh, Raipur",Composite,21,N,81.68,E
Chhattisgarh,Rajnandgaon,"Chhattisgarh, Rajnandgaon",Composite,21,N,81.08,E
Chhattisgarh,Sukma,"Chhattisgarh, Sukma",Composite,18.39,N,81.66,E
Chhattisgarh,Surajpur,"Chhattisgarh, Surajpur",Composite,23.12,N,83.18,E
Chhattisgarh,Surguja,"Chhattisgarh, Surguja",Composite,24,N,84.07,E
Dadra Nagar Haveli,Dadra Nagar Haveli,"Dadra Nagar Haveli, Dadra Nagar Haveli",Warm & Humid,20.31,N,72.96,E
Daman Diu,Daman,"Daman Diu, Daman",Warm & Humid,20.41,N,72.83,E
Daman Diu,Diu,"Daman Diu, Diu",Warm & Humid,20.71,N,70.98,E
Delhi,Central Delhi,"Delhi, Central Delhi",Composite,28,N,77.42,E
Delhi,East Delhi,"Delhi, East Delhi",Composite,28,N,77.22,E
Delhi,NewDelhi,"Delhi, East Delhi",Composite,28,N,77.22,E
Delhi,New Delhi,"Delhi, New Delhi",Composite,28,N,77.2,E
Delhi,North Delhi,"Delhi, North Delhi",Composite,29,N,77.37,E
Delhi,North East Delhi,"Delhi, North East Delhi",Composite,28.72,N,77.26,E
Delhi,North West Delhi,"Delhi, North West Delhi",Composite,28,N,77.22,E
Delhi,Shahdara,"Delhi, Shahdara",Composite,28.66,N,77.28,E
Delhi,South Delhi,"Delhi, South Delhi",Composite,28,N,77.22,E
Delhi,South East Delhi,"Delhi, South East Delhi",Composite,28.54,N,77.27,E
Delhi,South West Delhi,"Delhi, South West Delhi",Composite,28,N,77.22,E
Delhi,West Delhi,"Delhi, West Delhi",Composite,42,N,75,E
Goa,North Goa,"Goa, North Goa",Warm & Humid,15.49,N,73.92,E
Goa,South Goa,"Goa, South Goa",Warm & Humid,15,N,73.72,E
Gujarat,Ahmedabad,"Gujarat, Ahmedabad",Hot & Dry,23,N,72,E
Gujarat,Amreli,"Gujarat, Amreli",Composite,21,N,71.25,E
Gujarat,Anand,"Gujarat, Anand",Warm & Humid,22,N,73,E
Gujarat,Aravalli,"Gujarat, Aravalli",Warm & Humid,23.46,N,73.29,E
Gujarat,Banaskantha,"Gujarat, Banaskantha",Warm & Humid,24,N,72.47,E
Gujarat,Bharuch,"Gujarat, Bharuch",Warm & Humid,21,N,73.02,E
Gujarat,Bhavnagar,"Gujarat, Bhavnagar",Composite,21,N,72.18,E
Gujarat,Botad,"Gujarat, Botad",Warm & Humid,22.17,N,71.66,E
Gujarat,Chhota Udaipur,"Gujarat, Chhota Udaipur",Warm & Humid,22.3,N,74.01,E
Gujarat,Dahod,"Gujarat, Dahod",Warm & Humid,22,N,74.32,E
Gujarat,Dang,"Gujarat, Dang",Warm & Humid,20,N,73.75,E
Gujarat,Devbhoomi Dwarka,"Gujarat, Devbhoomi Dwarka",Warm & Humid,22.21,N,69.639,E
Gujarat,Gandhinagar,"Gujarat, Gandhinagar",Warm & Humid,23,N,73.83,E
Gujarat,Gir Somnath,"Gujarat, Gir Somnath",Warm & Humid,20.91,N,70.35,E
Gujarat,Jamnagar,"Gujarat, Jamnagar",Warm & Humid,22,N,70.12,E
Gujarat,Junagadh,"Gujarat, Junagadh",Warm & Humid,21,N,70.6,E
Gujarat,Kheda,"Gujarat, Kheda",Warm & Humid,22,N,72.75,E
Gujarat,Kutch,"Gujarat, Kutch","Warm & Humid , Composite",23,N,69.82,E
Gujarat,Mahisagar,"Gujarat, Mahisagar",Hot & Dry,23.13,N,73.61,E
Gujarat,Mehsana,"Gujarat, Mehsana",Hot & Dry,23,N,72.62,E
Gujarat,Morbi,"Gujarat, Morbi",Composite,22.81,N,70.82,E
Gujarat,Narmada,"Gujarat, Narmada",Hot & Dry,21,N,73.6,E
Gujarat,Navsari,"Gujarat, Navsari",Hot & Dry,21,N,73.67,E
Gujarat,Panchmahal,"Gujarat, Panchmahal",Hot & Dry,22,N,73.67,E
Gujarat,Patan,"Gujarat, Patan",Hot & Dry,23,N,72.02,E
Gujarat,Porbandar,"Gujarat, Porbandar",Warm & Humid,21,N,69.82,E
Gujarat,Rajkot,"Gujarat, Rajkot",Composite,22,N,70.93,E
Gujarat,Sabarkantha,"Gujarat, Sabarkantha",Hot & Dry,23,N,73.03,E
Gujarat,Surat,"Gujarat, Surat",Hot & Dry,21,N,73.38,E
Gujarat,Surendranagar,"Gujarat, Surendranagar",Hot & Dry,22,N,71.72,E
Gujarat,Tapi,"Gujarat, Tapi",Hot & Dry,21.11,N,73.396,E
Gujarat,Vadodara,"Gujarat, Vadodara",Hot & Dry,22,N,73.72,E
Gujarat,Valsad,"Gujarat, Valsad",Hot & Dry,20,N,73.12,E
Haryana,Ambala,"Haryana, Ambala",Composite,30,N,76.87,E
Haryana,Bhiwani,"Haryana, Bhiwani",Composite,28,N,76.3,E
Haryana,Charkhi Dadri,"Haryana, Charkhi Dadri",Composite,28.6,N,76.266,E
Haryana,Faridabad,"Haryana, Faridabad",Composite,28,N,77.37,E
Haryana,Fatehabad,"Haryana, Fatehabad",Composite,29,N,75.5,E
Haryana,Gurugram,"Haryana, Gurugram",Composite,28,N,77.07,E
Haryana,Hisar,"Haryana, Hisar",Composite,29,N,75.77,E
Haryana,Jhajjar,"Haryana, Jhajjar",Composite,28,N,76.63,E
Haryana,Jind,"Haryana, Jind",Composite,29,N,76.38,E
Haryana,Kaithal,"Haryana, Kaithal",Composite,29,N,78.43,E
Haryana,Karnal,"Haryana, Karnal",Composite,29,N,77.03,E
Haryana,Kurukshetra,"Haryana, Kurukshetra",Composite,30,N,76.82,E
Haryana,Mahendragarh,"Haryana, Mahendragarh",Composite,28,N,76.15,E
Haryana,Mewat,"Haryana, Mewat",Composite,27,N,77.17,E
Haryana,Palwal,"Haryana, Palwal",Composite,28,N,77.3,E
Haryana,Panchkula,"Haryana, Panchkula",Composite,30,N,76.98,E
Haryana,Panipat,"Haryana, Panipat",Composite,29,N,76.92,E
Haryana,Rewari,"Haryana, Rewari",Composite,28,N,76.62,E
Haryana,Rohtak,"Haryana, Rohtak",Composite,28,N,76.63,E
Haryana,Sirsa,"Haryana, Sirsa",Composite,29,N,74.92,E
Haryana,Sonipat,"Haryana, Sonipat",Composite,29,N,77.07,E
Haryana,Yamunanagar,"Haryana, Yamunanagar",Composite,30,N,77.28,E
Himachal Pradesh,Bilaspur,"Himachal Pradesh, Bilaspur",Composite,31,N,76.83,E
Himachal Pradesh,Chamba,"Himachal Pradesh, Chamba",Cold,32,N,76.17,E
Himachal Pradesh,Hamirpur,"Himachal Pradesh, Hamirpur",Composite,31,N,76.52,E
Himachal Pradesh,Kangra,"Himachal Pradesh, Kangra",Composite,32,N,76.3,E
Himachal Pradesh,Kinnaur,"Himachal Pradesh, Kinnaur",Cold,31,N,78.35,E
Himachal Pradesh,Kullu,"Himachal Pradesh, Kullu",Cold,31,N,77.1,E
Himachal Pradesh,Lahaul Spiti,"Himachal Pradesh, Lahaul Spiti",Cold,32,N,77.55,E
Himachal Pradesh,Mandi,"Himachal Pradesh, Mandi",Composite,31,N,76.97,E
Himachal Pradesh,Shimla,"Himachal Pradesh, Shimla",Cold,31,N,77.22,E
Himachal Pradesh,Sirmaur,"Himachal Pradesh, Sirmaur",Composite,34,N,81.38,E
Himachal Pradesh,Solan,"Himachal Pradesh, Solan",Composite,30,N,77.12,E
Himachal Pradesh,Una,"Himachal Pradesh, Una",Composite,20,N,71.13,E
Jammu Kashmir,Anantnag,"Jammu Kashmir, Anantnag",Cold,33,N,75.15,E
Jammu Kashmir,Bandipora,"Jammu Kashmir, Bandipora",Cold,24,N,74.65,E
Jammu Kashmir,Baramulla,"Jammu Kashmir, Baramulla",Cold,34,N,74.5,E
Jammu Kashmir,Budgam,"Jammu Kashmir, Budgam",Cold,34,N,75,E
Jammu Kashmir,Doda,"Jammu Kashmir, Doda",Cold,32,N,76.78,E
Jammu Kashmir,Ganderbal,"Jammu Kashmir, Ganderbal",Cold,34.21,N,74.77,E
Jammu Kashmir,Jammu,"Jammu Kashmir, Jammu",Cold,32,N,74.9,E
Jammu Kashmir,Kathua,"Jammu Kashmir, Kathua",Cold,32,N,75.6,E
Jammu Kashmir,Kishtwar,"Jammu Kashmir, Kishtwar",Cold,33.31,N,75.76,E
Jammu Kashmir,Kulgam,"Jammu Kashmir, Kulgam",Cold,33.64,N,75.01,E
Jammu Kashmir,Kupwara,"Jammu Kashmir, Kupwara",Cold,34,N,73.27,E
Jammu Kashmir,Poonch,"Jammu Kashmir, Poonch",Cold,33,N,74.58,E
Jammu Kashmir,Pulwama,"Jammu Kashmir, Pulwama",Cold,33,N,75.58,E
Jammu Kashmir,Rajouri,"Jammu Kashmir, Rajouri",Cold,32,N,74.07,E
Jammu Kashmir,Ramban,"Jammu Kashmir, Ramban",Cold,33.24,N,75.23,E
Jammu Kashmir,Reasi,"Jammu Kashmir, Reasi",Cold,33.08,N,74.83,E
Jammu Kashmir,Samba,"Jammu Kashmir, Samba",Cold,32,N,75.18,E
Jammu Kashmir,Shopian,"Jammu Kashmir, Shopian",Cold,33.71,N,74.82,E
Jammu Kashmir,Srinagar,"Jammu Kashmir, Srinagar",Cold,34,N,75.38,E
Jammu Kashmir,Udhampur,"Jammu Kashmir, Udhampur",Cold,32,N,75.63,E
Jharkhand,Bokaro,"Jharkhand, Bokaro",Composite,23,N,85,E
Jharkhand,Chatra,"Jharkhand, Chatra",Composite,24,N,84.93,E
Jharkhand,Deoghar,"Jharkhand, Deoghar",Composite,24,N,86.7,E
Jharkhand,Dhanbad,"Jharkhand, Dhanbad",Composite,23,N,86.5,E
Jharkhand,Dumka,"Jharkhand, Dumka",Warm & Humid,24,N,87.25,E
Jharkhand,East Singhbhum,"Jharkhand, East Singhbhum",Warm & Humid,22,N,86.42,E
Jharkhand,Garhwa,"Jharkhand, Garhwa",Composite,24,N,83.87,E
Jharkhand,Giridih,"Jharkhand, Giridih",Composite,24,N,86.35,E
Jharkhand,Godda,"Jharkhand, Godda",Warm & Humid,24,N,87.22,E
Jharkhand,Gumla,"Jharkhand, Gumla","Composite,Warm & Humid",23,N,84.55,E
Jharkhand,Hazaribagh,"Jharkhand, Hazaribagh",Composite,23,N,85.42,E
Jharkhand,Jamtara,"Jharkhand, Jamtara","Composite,Warm & Humid",23.95,N,86.8,E
Jharkhand,Khunti,"Jharkhand, Khunti",Composite,23.07,N,85.28,E
Jharkhand,Koderma,"Jharkhand, Koderma",Composite,24,N,85.9,E
Jharkhand,Latehar,"Jharkhand, Latehar",Composite,23.74,N,84.5,E
Jharkhand,Lohardaga,"Jharkhand, Lohardaga",Composite,23,N,84.7,E
Jharkhand,Pakur,"Jharkhand, Pakur",Warm & Humid,24,N,87.9,E
Jharkhand,Palamu,"Jharkhand, Palamu",Composite,23,N,84.28,E
Jharkhand,Ramgarh,"Jharkhand, Ramgarh",Composite,23.61,N,85.52,E
Jharkhand,Ranchi,"Jharkhand, Ranchi",Composite,23,N,85.38,E
Jharkhand,Sahebganj,"Jharkhand, Sahebganj",Warm & Humid,25,N,87.07,E
Jharkhand,Seraikela Kharsawan,"Jharkhand, Seraikela Kharsawan",Composite,22,N,85.97,E
Jharkhand,Simdega,"Jharkhand, Simdega",Warm & Humid,22.61,N,84.49,E
Jharkhand,West Singhbhum,"Jharkhand, West Singhbhum",Warm & Humid,22,N,85.58,E
Karnataka,Bagalkot,"Karnataka, Bagalkot",Warm & Humid,16,N,75.75,E
Karnataka,Bangalore Urban,"Karnataka, Bangalore Urban",Temperate,13,N,77.98,E
Karnataka,Bangalore,"Karnataka, Bangalore Urban",Temperate,13,N,77.98,E
Karnataka,Bangalore Urban,"Karnataka, Bangalore Urban",Temperate,13,N,77.98,E
Karnataka,Belgaum,"Karnataka, Belgaum",Warm & Humid,15,N,74.57,E
Karnataka,Bellary,"Karnataka, Bellary",Warm & Humid,15,N,76.92,E
Karnataka,Bidar,"Karnataka, Bidar",Warm & Humid,17,N,77.65,E
Karnataka,Chamarajanagar,"Karnataka, Chamarajanagar",Warm & Humid,11,N,77,E
Karnataka,Chikkaballapur,"Karnataka, Chikkaballapur",Temperate,13,N,77.77,E
Karnataka,Chikkamagaluru,"Karnataka, Chikkamagaluru",Warm & Humid,13,N,75.82,E
Karnataka,Chitradurga,"Karnataka, Chitradurga",Warm & Humid,14,N,76.43,E
Karnataka,Dakshina Kannada,"Karnataka, Dakshina Kannada",Warm & Humid,13,N,75.38,E
Karnataka,Davanagere,"Karnataka, Davanagere",Warm & Humid,14,N,75.97,E
Karnataka,Dharwad,"Karnataka, Dharwad",Warm & Humid,15,N,75.08,E
Karnataka,Gadag,"Karnataka, Gadag",Warm & Humid,15,N,75.7,E
Karnataka,Gulbarga,"Karnataka, Gulbarga",Warm & Humid,17,N,76.9,E
Karnataka,Hassan,"Karnataka, Hassan",Warm & Humid,13,N,76.17,E
Karnataka,Haveri,"Karnataka, Haveri",Warm & Humid,14,N,75.63,E
Karnataka,Kodagu,"Karnataka, Kodagu",Cold,12,N,75.88,E
Karnataka,Kolar,"Karnataka, Kolar",Warm & Humid,13,N,78.18,E
Karnataka,Koppal,"Karnataka, Koppal",Warm & Humid,15,N,76.22,E
Karnataka,Mandya,"Karnataka, Mandya","Warm & Humid , Temperate",12,N,76.33,E
Karnataka,Mysore,"Karnataka, Mysore",Warm & Humid,12,N,76.7,E
Karnataka,Raichur,"Karnataka, Raichur",Warm & Humid,16,N,77.58,E
Karnataka,Ramanagara,"Karnataka, Ramanagara",Warm & Humid,12,N,78.03,E
Karnataka,Shimoga,"Karnataka, Shimoga",Warm & Humid,13,N,75.63,E
Karnataka,Tumkur,"Karnataka, Tumkur",Warm & Humid,13,N,77.13,E
Karnataka,Udupi,"Karnataka, Udupi",Warm & Humid,13,N,74.75,E
Karnataka,Uttara Kannada,"Karnataka, Uttara Kannada",Warm & Humid,13,N,75.08,E
Karnataka,Vijayapura,"Karnataka, Vijayapura",Warm & Humid,13.29,N,77.8,E
Karnataka,Yadgir,"Karnataka, Yadgir",Warm & Humid,12,N,77.55,E
Kerala,Alappuzha,"Kerala, Alappuzha",Warm & Humid,9,N,76.53,E
Kerala,Ernakulam,"Kerala, Ernakulam",Warm & Humid,10,N,76.25,E
Kerala,Idukki,"Kerala, Idukki",Warm & Humid,9,N,77.42,E
Kerala,Kannur,"Kerala, Kannur",Warm & Humid,11,N,75.42,E
Kerala,Kasaragod,"Kerala, Kasaragod",Warm & Humid,12,N,75,E
Kerala,Kollam,"Kerala, Kollam",Warm & Humid,11,N,75.42,E
Kerala,Kottayam,"Kerala, Kottayam",Warm & Humid,9,N,76.57,E
Kerala,Kozhikode,"Kerala, Kozhikode",Warm & Humid,11,N,75.77,E
Kerala,Malappuram,"Kerala, Malappuram",Warm & Humid,11,N,75.77,E
Kerala,Palakkad,"Kerala, Palakkad",Warm & Humid,11,N,77.08,E
Kerala,Pathanamthitta,"Kerala, Pathanamthitta",Warm & Humid,9,N,76.77,E
Kerala,Thiruvananthapuram,"Kerala, Thiruvananthapuram",Warm & Humid,8,N,76.98,E
Kerala,Thrissur,"Kerala, Thrissur",Warm & Humid,10,N,76.25,E
Kerala,Wayanad,"Kerala, Wayanad",Warm & Humid,11,N,74.87,E
Ladakh,Kargil,"Ladakh, Kargil",Cold,34.55,N,76.12,E
Ladakh,Leh,"Ladakh, Leh",Cold,34.15,N,77.57,E
Lakshadweep,Lakshadweep,"Lakshadweep, Lakshadweep",Warm & Humid,10.55,N,72.63,E
Madhya Pradesh,Agar Malwa,"Madhya Pradesh, Agar Malwa",Hot & Dry,23.71,N,76,E
Madhya Pradesh,Alirajpur,"Madhya Pradesh, Alirajpur",Hot & Dry,22,N,74.4,E
Madhya Pradesh,Anuppur,"Madhya Pradesh, Anuppur",Composite,23.1,N,81,E
Madhya Pradesh,Ashoknagar,"Madhya Pradesh, Ashoknagar",Composite,24,N,77.72,E
Madhya Pradesh,Balaghat,"Madhya Pradesh, Balaghat",Composite,21,N,80.25,E
Madhya Pradesh,Barwani,"Madhya Pradesh, Barwani",Hot & Dry,22,N,74.95,E
Madhya Pradesh,Betul,"Madhya Pradesh, Betul",Composite,22,N,78.63,E
Madhya Pradesh,Bhind,"Madhya Pradesh, Bhind",Composite,26,N,78.77,E
Madhya Pradesh,Bhopal,"Madhya Pradesh, Bhopal",Composite,23,N,77.6,E
Madhya Pradesh,Burhanpur,"Madhya Pradesh, Burhanpur",Hot & Dry,21,N,76.28,E
Madhya Pradesh,Chhatarpur,"Madhya Pradesh, Chhatarpur",Composite,24,N,79.63,E
Madhya Pradesh,Chhindwara,"Madhya Pradesh, Chhindwara",Composite,22,N,78.98,E
Madhya Pradesh,Damoh,"Madhya Pradesh, Damoh",Composite,23,N,79.48,E
Madhya Pradesh,Datia,"Madhya Pradesh, Datia",Composite,25,N,78.45,E
Madhya Pradesh,Dewas,"Madhya Pradesh, Dewas",Composite,22,N,78.1,E
Madhya Pradesh,Dhar,"Madhya Pradesh, Dhar","Composite,Hot & Dry",22,N,75.33,E
Madhya Pradesh,Dindori,"Madhya Pradesh, Dindori",Composite,22,N,81.68,E
Madhya Pradesh,Guna,"Madhya Pradesh, Guna",Hot & Dry,24,N,77.33,E
Madhya Pradesh,Gwalior,"Madhya Pradesh, Gwalior",Composite,26,N,78.17,E
Madhya Pradesh,Harda,"Madhya Pradesh, Harda",Composite,22,N,77.1,E
Madhya Pradesh,Hoshangabad,"Madhya Pradesh, Hoshangabad",Composite,22,N,77.75,E
Madhya Pradesh,Indore,"Madhya Pradesh, Indore",Composite,22,N,75.83,E
Madhya Pradesh,Jabalpur,"Madhya Pradesh, Jabalpur",Composite,23,N,79.98,E
Madhya Pradesh,Jhabua,"Madhya Pradesh, Jhabua",Hot & Dry,22,N,74.63,E
Madhya Pradesh,Katni,"Madhya Pradesh, Katni",Composite,23,N,80.45,E
Madhya Pradesh,Khandwa,"Madhya Pradesh, Khandwa",Composite,21,N,76.32,E
Madhya Pradesh,Khargone,"Madhya Pradesh, Khargone","Hot & Dry , Composite",21,N,75.6,E
Madhya Pradesh,Mandla,"Madhya Pradesh, Mandla",Composite,22,N,80.58,E
Madhya Pradesh,Mandsaur,"Madhya Pradesh, Mandsaur",Hot & Dry,24,N,75.13,E
Madhya Pradesh,Morena,"Madhya Pradesh, Morena",Composite,26,N,77.84,E
Madhya Pradesh,Narsinghpur,"Madhya Pradesh, Narsinghpur",Composite,22,N,79.2,E
Madhya Pradesh,Neemuch,"Madhya Pradesh, Neemuch",Hot & Dry,24,N,74.87,E
Madhya Pradesh,Niwari,"Madhya Pradesh, Niwari",Composite,25.35,N,78.79,E
Madhya Pradesh,Panna,"Madhya Pradesh, Panna",Composite,24,N,80.23,E
Madhya Pradesh,Raisen,"Madhya Pradesh, Raisen",Composite,23,N,77.78,E
Madhya Pradesh,Rajgarh,"Madhya Pradesh, Rajgarh",Composite,24,N,76.78,E
Madhya Pradesh,Ratlam,"Madhya Pradesh, Ratlam",Hot & Dry,23,N,75.12,E
Madhya Pradesh,Rewa,"Madhya Pradesh, Rewa",Composite,24,N,81.3,E
Madhya Pradesh,Sagar,"Madhya Pradesh, Sagar",Composite,23.84,N,78.74,E
Madhya Pradesh,Satna,"Madhya Pradesh, Satna",Composite,24,N,80.92,E
Madhya Pradesh,Sehore,"Madhya Pradesh, Sehore",Composite,23,N,77,E
Madhya Pradesh,Seoni,"Madhya Pradesh, Seoni",Composite,22,N,79.58,E
Madhya Pradesh,Shahdol,"Madhya Pradesh, Shahdol",Composite,23.3,N,81.35,E
Madhya Pradesh,Shajapur,"Madhya Pradesh, Shajapur",Composite,23,N,76.3,E
Madhya Pradesh,Sheopur,"Madhya Pradesh, Sheopur",Composite,25,N,76.68,E
Madhya Pradesh,Shivpuri,"Madhya Pradesh, Shivpuri",Composite,25.42,N,77,E
Madhya Pradesh,Sidhi,"Madhya Pradesh, Sidhi",Composite,24.39,N,82.65,E
Madhya Pradesh,Singrauli,"Madhya Pradesh, Singrauli",Composite,24,N,82.65,E
Madhya Pradesh,Tikamgarh,"Madhya Pradesh, Tikamgarh",Composite,24,N,78.88,E
Madhya Pradesh,Ujjain,"Madhya Pradesh, Ujjain",Composite,23,N,75.72,E
Madhya Pradesh,Umaria,"Madhya Pradesh, Umaria",Composite,23,N,80.88,E
Madhya Pradesh,Vidisha,"Madhya Pradesh, Vidisha",Composite,23,N,77.85,E
Maharashtra,Ahmednagar,"Maharashtra, Ahmednagar",Hot & Dry,19,N,74.8,E
Maharashtra,Akola,"Maharashtra, Akola",Hot & Dry,20,N,77.03,E
Maharashtra,Amravati,"Maharashtra, Amravati",Hot & Dry,20,N,77.8,E
Maharashtra,Aurangabad,"Maharashtra, Aurangabad",Hot & Dry,19,N,75.38,E
Maharashtra,Beed,"Maharashtra, Beed",Hot & Dry,18,N,75.75,E
Maharashtra,Bhandara,"Maharashtra, Bhandara","Composite , Warm & Humid",21,N,75.75,E
Maharashtra,Buldhana,"Maharashtra, Buldhana",Hot & Dry,20,N,76.23,E
Maharashtra,Chandrapur,"Maharashtra, Chandrapur",Warm & Humid,19,N,79.35,E
Maharashtra,Dhule,"Maharashtra, Dhule",Hot & Dry,20,N,74.78,E
Maharashtra,Gadchiroli,"Maharashtra, Gadchiroli",Warm & Humid,20,N,80,E
Maharashtra,Gondia,"Maharashtra, Gondia",Composite,20,N,74,E
Maharashtra,Hingoli,"Maharashtra, Hingoli",Hot & Dry,19,N,77.18,E
Maharashtra,Jalgaon,"Maharashtra, Jalgaon",Hot & Dry,21,N,75.67,E
Maharashtra,Jalna,"Maharashtra, Jalna",Hot & Dry,19,N,75.93,E
Maharashtra,Kolhapur,"Maharashtra, Kolhapur",Warm & Humid,16,N,74.27,E
Maharashtra,Latur,"Maharashtra, Latur",Hot & Dry,18,N,76.6,E
Maharashtra,Mumbai,"Maharashtra, Mumbai City",Warm & Humid,18,N,72.9,E
Maharashtra,Mumbai Suburban,"Maharashtra, Mumbai Suburban",Warm & Humid,19,N,75.87,E
Maharashtra,Nagpur,"Maharashtra, Nagpur",Composite,21,N,79.15,E
Maharashtra,Nanded,"Maharashtra, Nanded",Hot & Dry,19,N,77.45,E
Maharashtra,Nandurbar,"Maharashtra, Nandurbar",Hot & Dry,21.36,N,74,E
Maharashtra,Nashik,"Maharashtra, Nashik",Hot & Dry,20,N,73.83,E
Maharashtra,Osmanabad,"Maharashtra, Osmanabad",Hot & Dry,18,N,76.1,E
Maharashtra,Palghar,"Maharashtra, Palghar",Composite,19.7,N,72.99,E
Maharashtra,Parbhani,"Maharashtra, Parbhani",Hot & Dry,19,N,76.64,E
Maharashtra,Pune,"Maharashtra, Pune",Warm & Humid,18,N,73.92,E
Maharashtra,Raigad,"Maharashtra, Raigad",Warm & Humid,18,N,72.92,E
Maharashtra,Ratnagiri,"Maharashtra, Ratnagiri",Warm & Humid,17,N,73.32,E
Maharashtra,Sangli,"Maharashtra, Sangli",Warm & Humid,16,N,74.6,E
Maharashtra,Satara,"Maharashtra, Satara","Cold , Hot & Dry",17,N,74.03,E
Maharashtra,Sindhudurg,"Maharashtra, Sindhudurg",Warm & Humid,16,N,75.92,E
Maharashtra,Solapur,"Maharashtra, Solapur",Hot & Dry,17,N,75.92,E
Maharashtra,Thane,"Maharashtra, Thane",Warm & Humid,19,N,73.03,E
Maharashtra,Wardha,"Maharashtra, Wardha",Hot & Dry,20.74,N,73,E
Maharashtra,Washim,"Maharashtra, Washim",Hot & Dry,20,N,77.15,E
Maharashtra,Yavatmal,"Maharashtra, Yavatmal",Composite,20,N,78.12,E
Manipur,Bishnupur,"Manipur, Bishnupur",Warm & Humid,23,N,87.33,E
Manipur,Chandel,"Manipur, Chandel",Warm & Humid,24,N,93.83,E
Manipur,Churachandpur,"Manipur, Churachandpur",Warm & Humid,24,N,93.67,E
Manipur,Imphal East,"Manipur, Imphal East",Warm & Humid,24,N,94.25,E
Manipur,Imphal West,"Manipur, Imphal West",Warm & Humid,24,N,94.25,E
Manipur,Jiribam,"Manipur, Jiribam",Warm & Humid,24.79,N,93.12,E
Manipur,Kakching,"Manipur, Kakching",Warm & Humid,24.49,N,93.98,E
Manipur,Kamjong,"Manipur, Kamjong",Warm & Humid,24.85,N,94.51,E
Manipur,Kangpokpi,"Manipur, Kangpokpi",Warm & Humid,25.15,N,93.97,E
Manipur,Noney,"Manipur, Noney",Warm & Humid,24.85,N,93.61,E
Manipur,Pherzawl,"Manipur, Pherzawl",Warm & Humid,24.25,N,93.19,E
Manipur,Senapati,"Manipur, Senapati",Warm & Humid,25.27,N,94.02,E
Manipur,Tamenglong,"Manipur, Tamenglong",Warm & Humid,24.98,N,93,E
Manipur,Tengnoupal,"Manipur, Tengnoupal",Warm & Humid,24.38,N,94.147,E
Manipur,Thoubal,"Manipur, Thoubal",Warm & Humid,24.65,N,93.99,E
Manipur,Ukhrul,"Manipur, Ukhrul",Warm & Humid,25.09,N,94.37,E
Meghalaya,East Garo Hills,"Meghalaya, East Garo Hills",Warm & Humid,25,N,90.5,E
Meghalaya,East Jaintia Hills,"Meghalaya, East Jaintia Hills",Warm & Humid,25,N,90.27,E
Meghalaya,East Khasi Hills,"Meghalaya, East Khasi Hills",Warm & Humid,25,N,91.5,E
Meghalaya,North Garo Hills,"Meghalaya, North Garo Hills",Warm & Humid,25.89,N,90.606,E
Meghalaya,Ri Bhoi,"Meghalaya, Ri Bhoi",Cold,25,N,90.92,E
Meghalaya,South Garo Hills,"Meghalaya, South Garo Hills",Warm & Humid,25,N,90.25,E
Meghalaya,South West Garo Hills,"Meghalaya, South West Garo Hills",Warm & Humid,25.46,N,89.93,E
Meghalaya,South West Khasi Hills,"Meghalaya, South West Khasi Hills",Warm & Humid,25.36,N,91.46,E
Meghalaya,West Garo Hills,"Meghalaya, West Garo Hills",Warm & Humid,25.51,N,90,E
Meghalaya,West Jaintia Hills,"Meghalaya, West Jaintia Hills",Warm & Humid,25.44,N,92.19,E
Meghalaya,West Khasi Hills,"Meghalaya, West Khasi Hills",Warm & Humid,25.51,N,91.5,E
Mizoram,Aizawl,"Mizoram, Aizawl",Warm & Humid,23.72,N,93,E
Mizoram,Champhai,"Mizoram, Champhai",Warm & Humid,23.47,N,93.32,E
Mizoram,Kolasib,"Mizoram, Kolasib",Warm & Humid,24.23,N,93,E
Mizoram,Lawngtlai,"Mizoram, Lawngtlai",Warm & Humid,22.52,N,92.9,E
Mizoram,Lunglei,"Mizoram, Lunglei",Warm & Humid,22.89,N,92.72,E
Mizoram,Mamit,"Mizoram, Mamit",Warm & Humid,23.92,N,92,E
Mizoram,Saiha,"Mizoram, Saiha",Warm & Humid,22.49,N,92,E
Mizoram,Serchhip,"Mizoram, Serchhip",Warm & Humid,23.31,N,92,E
Nagaland,Dimapur,"Nagaland, Dimapur",Warm & Humid,25,N,93.73,E
Nagaland,Kiphire,"Nagaland, Kiphire",Warm & Humid,25.88,N,94.788,E
Nagaland,Kohima,"Nagaland, Kohima",Warm & Humid,25.65,N,94.1,E
Nagaland,Longleng,"Nagaland, Longleng",Cold,26.49,N,94.81,E
Nagaland,Mokokchung,"Nagaland, Mokokchung",Cold,26.32,N,94,E
Nagaland,Mon,"Nagaland, Mon","Cold , Warm & Humid",26.72,N,95.1,E
Nagaland,Noklak,"Nagaland, Noklak",Warm & Humid,26.2,N,95.01,E
Nagaland,Peren,"Nagaland, Peren",Warm & Humid,25.53,N,93.73,E
Nagaland,Phek,"Nagaland, Phek",Warm & Humid,25.7,N,94,E
Nagaland,Tuensang,"Nagaland, Tuensang",Warm & Humid,26.23,N,92.82,E
Nagaland,Wokha,"Nagaland, Wokha",Warm & Humid,26.09,N,94.27,E
Nagaland,Zunheboto,"Nagaland, Zunheboto",Warm & Humid,26.01,N,94.52,E
Odisha,Angul,"Odisha, Angul",Warm & Humid,20.83,N,72.87,E
Odisha,Balangir,"Odisha, Balangir",Warm & Humid,20.7,N,83.5,E
Odisha,Balasore,"Odisha, Balasore",Warm & Humid,21.49,N,86.93,E
Odisha,Bargarh,"Odisha, Bargarh",Composite,21.33,N,83.62,E
Odisha,Bhadrak,"Odisha, Bhadrak",Warm & Humid,21.05,N,86.55,E
Odisha,Boudh,"Odisha, Boudh",Warm & Humid,20.83,N,84.87,E
Odisha,Cuttack,"Odisha, Cuttack",Warm & Humid,20.46,N,85.9,E
Odisha,Debagarh,"Odisha, Debagarh",Warm & Humid,21.53,N,84.77,E
Odisha,Dhenkanal,"Odisha, Dhenkanal",Warm & Humid,20.65,N,85.63,E
Odisha,Gajapati,"Odisha, Gajapati",Warm & Humid,18.77,N,84.2,E
Odisha,Ganjam,"Odisha, Ganjam",Warm & Humid,19.35,N,85.1,E
Odisha,Jagatsinghpur,"Odisha, Jagatsinghpur",Warm & Humid,20.25,N,86.17,E
Odisha,Jajpur,"Odisha, Jajpur",Warm & Humid,20.85,N,86.12,E
Odisha,Jharsuguda,"Odisha, Jharsuguda",Composite,21.85,N,84.02,E
Odisha,Kalahandi,"Odisha, Kalahandi",Warm & Humid,19.9,N,83.2,E
Odisha,Kandhamal,"Odisha, Kandhamal",Warm & Humid,20.47,N,84.22,E
Odisha,Kendrapara,"Odisha, Kendrapara",Warm & Humid,20.49,N,86.47,E
Odisha,Kendujhar,"Odisha, Kendujhar",Warm & Humid,21.62,N,85.5,E
Odisha,Khordha,"Odisha, Khordha",Warm & Humid,20.18,N,85.67,E
Odisha,Koraput,"Odisha, Koraput",Warm & Humid,18.81,N,82.72,E
Odisha,Malkangiri,"Odisha, Malkangiri",Warm & Humid,18.36,N,81.93,E
Odisha,Mayurbhanj,"Odisha, Mayurbhanj",Warm & Humid,21.93,N,86.77,E
Odisha,Nabarangpur,"Odisha, Nabarangpur",Warm & Humid,19.22,N,82.72,E
Odisha,Nayagarh,"Odisha, Nayagarh",Warm & Humid,20.11,N,85.13,E
Odisha,Nuapada,"Odisha, Nuapada",Composite,20.81,N,82.33,E
Odisha,Puri,"Odisha, Puri",Warm & Humid,19.81,N,85.87,E
Odisha,Rayagada,"Odisha, Rayagada",Warm & Humid,19.17,N,82.72,E
Odisha,Sambalpur,"Odisha, Sambalpur",Warm & Humid,21.46,N,84.02,E
Odisha,Subarnapur,"Odisha, Subarnapur",Warm & Humid,20.84,N,83.92,E
Odisha,Sundergarh,"Odisha, Sundergarh",Warm & Humid,22.11,N,84.02,E
Puducherry,Karaikal,"Puducherry, Karaikal",Warm & Humid,10.92,N,79.82,E
Puducherry,Mahe,"Puducherry, Mahe",Warm & Humid,11.7,N,75.55,E
Puducherry,Puducherry,"Puducherry, Puducherry",Warm & Humid,11.93,N,79.82,E
Puducherry,Yanam,"Puducherry, Yanam",Warm & Humid,16,N,82.32,E
Punjab,Amritsar,"Punjab, Amritsar",Composite,31,N,74.92,E
Punjab,Barnala,"Punjab, Barnala",Composite,30.37,N,75.54,E
Punjab,Bathinda,"Punjab, Bathinda",Composite,30,N,75,E
Punjab,Faridkot,"Punjab, Faridkot",Composite,30,N,74.75,E
Punjab,Fatehgarh Sahib,"Punjab, Fatehgarh Sahib",Composite,30,N,75.72,E
Punjab,Fazilka,"Punjab, Fazilka",Composite,30.4,N,74.02,E
Punjab,Firozpur,"Punjab, Firozpur",Composite,30,N,74.67,E
Punjab,Gurdaspur,"Punjab, Gurdaspur",Composite,32,N,75.45,E
Punjab,Hoshiarpur,"Punjab, Hoshiarpur",Composite,31,N,75.95,E
Punjab,Jalandhar,"Punjab, Jalandhar",Composite,31,N,75.57,E
Punjab,Kapurthala,"Punjab, Kapurthala",Composite,31,N,75.42,E
Punjab,Ludhiana,"Punjab, Ludhiana",Composite,30,N,75.9,E
Punjab,Mansa,"Punjab, Mansa",Composite,29,N,75.37,E
Punjab,Moga,"Punjab, Moga",Composite,30,N,75.17,E
Punjab,Mohali,"Punjab, Mohali",Composite,30.7,N,76.7,E
Punjab,Muktsar,"Punjab, Muktsar",Composite,30,N,74.72,E
Punjab,Pathankot,"Punjab, Pathankot",Composite,32.26,N,75.6,E
Punjab,Patiala,"Punjab, Patiala",Composite,30,N,76.42,E
Punjab,Rupnagar,"Punjab, Rupnagar",Composite,30,N,76.53,E
Punjab,Sangrur,"Punjab, Sangrur",Composite,30,N,75.88,E
Punjab,Shaheed Bhagat Singh Nagar,"Punjab, Shaheed Bhagat Singh Nagar",Composite,31.12,N,76.12,E
Punjab,Tarn Taran,"Punjab, Tarn Taran",Composite,31.45,N,74.93,E
Rajasthan,Ajmer,"Rajasthan, Ajmer",Composite,26,N,74.7,E
Rajasthan,Alwar,"Rajasthan, Alwar",Composite,27,N,76.63,E
Rajasthan,Banswara,"Rajasthan, Banswara",Hot & Dry,23,N,74.4,E
Rajasthan,Baran,"Rajasthan, Baran",Hot & Dry,25,N,76.55,E
Rajasthan,Barmer,"Rajasthan, Barmer",Hot & Dry,25,N,71.42,E
Rajasthan,Bharatpur,"Rajasthan, Bharatpur",Composite,27,N,77.5,E
Rajasthan,Bhilwara,"Rajasthan, Bhilwara",Hot & Dry,25,N,74.67,E
Rajasthan,Bikaner,"Rajasthan, Bikaner",Hot & Dry,28,N,73.37,E
Rajasthan,Bundi,"Rajasthan, Bundi","Hot & Dry,Composite",25,N,75.68,E
Rajasthan,Chittorgarh,"Rajasthan, Chittorgarh",Hot & Dry,24,N,74.7,E
Rajasthan,Churu,"Rajasthan, Churu",Composite,28,N,75.02,E
Rajasthan,Dausa,"Rajasthan, Dausa",Composite,26,N,76.32,E
Rajasthan,Dholpur,"Rajasthan, Dholpur",Composite,26,N,77.88,E
Rajasthan,Dungarpur,"Rajasthan, Dungarpur",Hot & Dry,23,N,73.83,E
Rajasthan,Hanumangarh,"Rajasthan, Hanumangarh",Composite,29,N,74.35,E
Rajasthan,Jaipur,"Rajasthan, Jaipur",Composite,26,N,75.87,E
Rajasthan,Jaisalmer,"Rajasthan, Jaisalmer",Hot & Dry,26,N,70.95,E
Rajasthan,Jalore,"Rajasthan, Jalore",Hot & Dry,25,N,72.97,E
Rajasthan,Jhalawar,"Rajasthan, Jhalawar",Hot & Dry,24,N,76.16,E
Rajasthan,Jhunjhunu,"Rajasthan, Jhunjhunu",Composite,28,N,75.33,E
Rajasthan,Jodhpur,"Rajasthan, Jodhpur",Hot & Dry,26,N,73.07,E
Rajasthan,Karauli,"Rajasthan, Karauli",Composite,26,N,77.07,E
Rajasthan,Kota,"Rajasthan, Kota",Hot & Dry,25,N,75.87,E
Rajasthan,Nagaur,"Rajasthan, Nagaur","Hot & Dry,Composite",27,N,73.67,E
Rajasthan,Pali,"Rajasthan, Pali",Hot & Dry,25,N,73.42,E
Rajasthan,Pratapgarh,"Rajasthan, Pratapgarh",Hot & Dry,24,N,74.78,E
Rajasthan,Rajsamand,"Rajasthan, Rajsamand",Hot & Dry,25,N,73.87,E
Rajasthan,Sawai Madhopur,"Rajasthan, Sawai Madhopur",Composite,25,N,,E
Rajasthan,Sikar,"Rajasthan, Sikar",Composite,27,N,75.25,E
Rajasthan,Sirohi,"Rajasthan, Sirohi",Cold,24,N,72.87,E
Rajasthan,Sri Ganganagar,"Rajasthan, Sri Ganganagar",Composite,29,N,73.83,E
Rajasthan,Tonk,"Rajasthan, Tonk",Composite,26,N,75.83,E
Rajasthan,Udaipur,"Rajasthan, Udaipur",Composite,27,N,75.55,E
Sikkim,East Sikkim,"Sikkim, East Sikkim",Cold,27.33,N,88,E
Sikkim,North Sikkim,"Sikkim, North Sikkim",Cold,27.49,N,88.05,E
Sikkim,South Sikkim,"Sikkim, South Sikkim",Cold,27.16,N,88.58,E
Sikkim,West Sikkim,"Sikkim, West Sikkim",Cold,27.28,N,88.55,E
Tamil Nadu,Ariyalur,"Tamil Nadu, Ariyalur",Warm & Humid,11.14,N,79.04,E
Tamil Nadu,Chengalpattu,"Tamil Nadu, Chengalpattu",Warm & Humid,12.68,N,79.98,E
Tamil Nadu,Chennai,"Tamil Nadu, Chennai",Warm & Humid,13.08,N,80.17,E
Tamil Nadu,Coimbatore,"Tamil Nadu, Coimbatore",Warm & Humid,11.01,N,77,E
Tamil Nadu,Cuddalore,"Tamil Nadu, Cuddalore",Warm & Humid,11.74,N,79.49,E
Tamil Nadu,Dharmapuri,"Tamil Nadu, Dharmapuri",Warm & Humid,12.12,N,78.13,E
Tamil Nadu,Dindigul,"Tamil Nadu, Dindigul",Cold,10.36,N,78,E
Tamil Nadu,Erode,"Tamil Nadu, Erode",Warm & Humid,11.341,N,77.46,E
Tamil Nadu,Kallakurichi,"Tamil Nadu, Kallakurichi",Warm & Humid,11.738,N,78.96,E
Tamil Nadu,Kanchipuram,"Tamil Nadu, Kanchipuram",Warm & Humid,12.834,N,79.45,E
Tamil Nadu,Kanyakumari,"Tamil Nadu, Kanyakumari",Warm & Humid,8.08,N,79.49,E
Tamil Nadu,Karur,"Tamil Nadu, Karur",Warm & Humid,10.96,N,77.29,E
Tamil Nadu,Krishnagiri,"Tamil Nadu, Krishnagiri",Warm & Humid,12.518,N,78.01,E
Tamil Nadu,Madurai,"Tamil Nadu, Madurai",Warm & Humid,9.92,N,78.1,E
Tamil Nadu,Nagapattinam,"Tamil Nadu, Nagapattinam",Warm & Humid,10.76,N,79.49,E
Tamil Nadu,Namakkal,"Tamil Nadu, Namakkal",Warm & Humid,11.21,N,78.13,E
Tamil Nadu,Nilgiris,"Tamil Nadu, Nilgiris",Cold,11.4,N,77.02,E
Tamil Nadu,Perambalur,"Tamil Nadu, Perambalur",Warm & Humid,11.24,N,78.56,E
Tamil Nadu,Pudukkottai,"Tamil Nadu, Pudukkottai",Warm & Humid,10.37,N,78.52,E
Tamil Nadu,Ramanathapuram,"Tamil Nadu, Ramanathapuram",Warm & Humid,9.37,N,78.52,E
Tamil Nadu,Salem,"Tamil Nadu, Salem",Warm & Humid,11.65,N,78.12,E
Tamil Nadu,Sivaganga,"Tamil Nadu, Sivaganga",Warm & Humid,9.84,N,78.28,E
Tamil Nadu,Tenkasi,"Tamil Nadu, Tenkasi",Warm & Humid,8.95,N,77.31,E
Tamil Nadu,Thanjavur,"Tamil Nadu, Thanjavur",Warm & Humid,10.78,N,79.1,E
Tamil Nadu,Theni,"Tamil Nadu, Theni",Warm & Humid,10.01,N,78.3,E
Tamil Nadu,Thoothukudi,"Tamil Nadu, Thoothukudi",Warm & Humid,8.8,N,78.11,E
Tamil Nadu,Tiruchirappalli,"Tamil Nadu, Tiruchirappalli",Warm & Humid,10.79,N,78.46,E
Tamil Nadu,Tirunelveli,"Tamil Nadu, Tirunelveli",Warm & Humid,8.73,N,77.44,E
Tamil Nadu,Tiruppur,"Tamil Nadu, Tiruppur",Warm & Humid,11.108,N,77.2,E
Tamil Nadu,Tiruvallur,"Tamil Nadu, Tiruvallur",Warm & Humid,13.25,N,79.57,E
Tamil Nadu,Tiruvannamalai,"Tamil Nadu, Tiruvannamalai",Warm & Humid,12.22,N,79.07,E
Tamil Nadu,Tiruvarur,"Tamil Nadu, Tiruvarur",Warm & Humid,10.77,N,79.39,E
Tamil Nadu,Vellore,"Tamil Nadu, Vellore",Warm & Humid,12.91,N,79.11,E
Tamil Nadu,Viluppuram,"Tamil Nadu, Viluppuram",Warm & Humid,11.93,N,79.32,E
Tamil Nadu,Virudhunagar,"Tamil Nadu, Virudhunagar",Warm & Humid,9.56,N,77.96,E
Telangana,Adilabad,"Telangana, Adilabad",Warm & Humid,19,N,78.5,E
Telangana,Bhadradri Kothagudem,"Telangana, Bhadradri Kothagudem",Warm & Humid,18,N,80.46,E
Telangana,Hyderabad,"Telangana, Hyderabad",Composite,17,N,78.5,E
Telangana,Jagtial,"Telangana, Jagtial",Composite,18.79,N,78.91,E
Telangana,Jangaon,"Telangana, Jangaon",Composite,17.72,N,79.16,E
Telangana,Jayashankar,"Telangana, Jayashankar",Warm & Humid,18.43,N,79.86,E
Telangana,Jogulamba,"Telangana, Jogulamba",Composite,16.22,N,77.81,E
Telangana,Kamareddy,"Telangana, Kamareddy",Composite,18.32,N,78.33,E
Telangana,Karimnagar,"Telangana, Karimnagar",Composite,18,N,79.1,E
Telangana,Khammam,"Telangana, Khammam",Warm & Humid,17,N,80.18,E
Telangana,Komaram Bheem,"Telangana, Komaram Bheem",Warm & Humid,19.35,N,79.295,E
Telangana,Mahabubabad,"Telangana, Mahabubabad","Composite,Warm & Humid",17.59,N,80,E
Telangana,Mahbubnagar,"Telangana, Mahbubnagar",Composite,16,N,77.97,E
Telangana,Mancherial,"Telangana, Mancherial",Warm & Humid,18.87,N,79.44,E
Telangana,Medak,"Telangana, Medak",Composite,18,N,78.3,E
Telangana,Medchal,"Telangana, Medchal",Composite,17.63,N,78.48,E
Telangana,Mulugu,"Telangana, Mulugu","Composite,Warm & Humid",18.19,N,79.94,E
Telangana,Nagarkurnool,"Telangana, Nagarkurnool","Composite,Warm & Humid",16.48,N,78.31,E
Telangana,Nalgonda,"Telangana, Nalgonda","Warm & Humid, Composite",17,N,79.03,E
Telangana,Narayanpet,"Telangana, Narayanpet",Composite,16.74,N,77.49,E
Telangana,Nirmal,"Telangana, Nirmal",Composite,19.09,N,78.34,E
Telangana,Nizamabad,"Telangana, Nizamabad",Composite,18,N,78.17,E
Telangana,Peddapalli,"Telangana, Peddapalli","Composite,Warm & Humid",18.6,N,79.37,E
Telangana,Rajanna Sircilla,"Telangana, Rajanna Sircilla",Composite,18.38,N,78.8,E
Telangana,Ranga Reddy,"Telangana, Ranga Reddy",Composite,10,N,77.5,E
Telangana,Sangareddy,"Telangana, Sangareddy",Composite,17.61,N,78.08,E
Telangana,Siddipet,"Telangana, Siddipet",Composite,18.101,N,78.85,E
Telangana,Suryapet,"Telangana, Suryapet","Composite,Warm & Humid",17.139,N,79.62,E
Telangana,Vikarabad,"Telangana, Vikarabad",Composite,17.33,N,77.9,E
Telangana,Wanaparthy,"Telangana, Wanaparthy",Composite,16.36,N,78,E
Telangana,Warangal Rural,"Telangana, Warangal Rural","Warm & Humid, Composite",17.96,N,79.59,E
Telangana,Warangal Urban,"Telangana, Warangal Urban","Warm & Humid, Composite",18,N,79.55,E
Telangana,Yadadri Bhuvanagiri,"Telangana, Yadadri Bhuvanagiri",Composite,17.5,N,78.88,E
Tripura,Dhalai,"Tripura, Dhalai",Warm & Humid,23,N,91.98,E
Tripura,Gomati,"Tripura, Gomati",Warm & Humid,23.53,N,91.48,E
Tripura,Khowai,"Tripura, Khowai",Warm & Humid,24.06,N,91.6,E
Tripura,North Tripura,"Tripura, North Tripura",Warm & Humid,24,N,92.02,E
Tripura,Sepahijala,"Tripura, Sepahijala",Warm & Humid,23.6,N,91.345,E
Tripura,South Tripura,"Tripura, South Tripura",Warm & Humid,23,N,91.52,E
Tripura,Unakoti,"Tripura, Unakoti",Warm & Humid,24.31,N,92.01,E
Tripura,West Tripura,"Tripura, West Tripura",Warm & Humid,23,N,91.42,E
Uttar Pradesh,Agra,"Uttar Pradesh, Agra",Composite,27,N,78.08,E
Uttar Pradesh,Aligarh,"Uttar Pradesh, Aligarh",Composite,27,N,79.67,E
Uttar Pradesh,Ambedkar Nagar,"Uttar Pradesh, Ambedkar Nagar",Composite,26,N,52.55,E
Uttar Pradesh,Amethi,"Uttar Pradesh, Amethi",Composite,26.15,N,81.814,E
Uttar Pradesh,Amroha,"Uttar Pradesh, Amroha",Composite,28.9,N,78.46,E
Uttar Pradesh,Auraiya,"Uttar Pradesh, Auraiya",Composite,26,N,79.52,E
Uttar Pradesh,Ayodhya,"Uttar Pradesh, Ayodhya",Composite,26.79,N,82.19,E
Uttar Pradesh,Azamgarh,"Uttar Pradesh, Azamgarh",Composite,26,N,83.22,E
Uttar Pradesh,Baghpat,"Uttar Pradesh, Baghpat",Composite,28,N,77.22,E
Uttar Pradesh,Bahraich,"Uttar Pradesh, Bahraich",Composite,27,N,81.63,E
Uttar Pradesh,Ballia,"Uttar Pradesh, Ballia",Composite,25,N,84.18,E
Uttar Pradesh,Balrampur,"Uttar Pradesh, Balrampur",Composite,27,N,82.17,E
Uttar Pradesh,Banda,"Uttar Pradesh, Banda",Composite,25,N,80.37,E
Uttar Pradesh,Barabanki,"Uttar Pradesh, Barabanki",Composite,26,N,81.22,E
Uttar Pradesh,Bareilly,"Uttar Pradesh, Bareilly",Composite,28,N,79.45,E
Uttar Pradesh,Basti,"Uttar Pradesh, Basti",Composite,26,N,82.77,E
Uttar Pradesh,Bhadohi,"Uttar Pradesh, Bhadohi",Composite,25.39,N,82.56,E
Uttar Pradesh,Bijnor,"Uttar Pradesh, Bijnor",Composite,29,N,79.18,E
Uttar Pradesh,Budaun,"Uttar Pradesh, Budaun",Composite,28,N,79.12,E
Uttar Pradesh,Bulandshahr,"Uttar Pradesh, Bulandshahr",Composite,28,N,77.9,E
Uttar Pradesh,Chandauli,"Uttar Pradesh, Chandauli",Composite,28,N,78.82,E
Uttar Pradesh,Chitrakoot,"Uttar Pradesh, Chitrakoot",Composite,25,N,80.88,E
Uttar Pradesh,Deoria,"Uttar Pradesh, Deoria",Composite,26,N,83.7,E
Uttar Pradesh,Etah,"Uttar Pradesh, Etah",Composite,27,N,78.67,E
Uttar Pradesh,Etawah,"Uttar Pradesh, Etawah",Composite,26,N,79.03,E
Uttar Pradesh,Farrukhabad,"Uttar Pradesh, Farrukhabad",Composite,27,N,79.62,E
Uttar Pradesh,Fatehpur,"Uttar Pradesh, Fatehpur",Composite,25,N,80.87,E
Uttar Pradesh,Firozabad,"Uttar Pradesh, Firozabad",Composite,27,N,78.4,E
Uttar Pradesh,Gautam Buddha Nagar,"Uttar Pradesh, Gautam Buddha Nagar",Composite,28,N,70.5,E
Uttar Pradesh,Ghaziabad,"Uttar Pradesh, Ghaziabad",Composite,28,N,77.47,E
Uttar Pradesh,Ghazipur,"Uttar Pradesh, Ghazipur",Composite,25,N,83.58,E
Uttar Pradesh,Gonda,"Uttar Pradesh, Gonda",Composite,27,N,82.02,E
Uttar Pradesh,Gorakhpur,"Uttar Pradesh, Gorakhpur",Composite,26,N,83.4,E
Uttar Pradesh,Hamirpur,"Uttar Pradesh, Hamirpur",Composite,25,N,80.2,E
Uttar Pradesh,Hapur,"Uttar Pradesh, Hapur",Composite,28.73,N,77.78,E
Uttar Pradesh,Hardoi,"Uttar Pradesh, Hardoi",Composite,27,N,80.17,E
Uttar Pradesh,Hathras,"Uttar Pradesh, Hathras",Composite,27.49,N,78.01,E
Uttar Pradesh,Jalaun,"Uttar Pradesh, Jalaun",Composite,26,N,79.38,E
Uttar Pradesh,Jaunpur,"Uttar Pradesh, Jaunpur",Composite,25,N,82.73,E
Uttar Pradesh,Jhansi,"Uttar Pradesh, Jhansi",Composite,25,N,78.62,E
Uttar Pradesh,Kannauj,"Uttar Pradesh, Kannauj",Composite,27,N,79.97,E
Uttar Pradesh,Kanpur Dehat,"Uttar Pradesh, Kanpur Dehat",Composite,26,N,52.55,E
Uttar Pradesh,Kanpur Nagar,"Uttar Pradesh, Kanpur Nagar",Composite,26,N,80.4,E
Uttar Pradesh,Kasganj,"Uttar Pradesh, Kasganj",Composite,27.8,N,78.64,E
Uttar Pradesh,Kaushambi,"Uttar Pradesh, Kaushambi",Composite,25,N,81.4,E
Uttar Pradesh,Kheri,"Uttar Pradesh, Kheri",Composite,27.94,N,80.7,E
Uttar Pradesh,Kushinagar,"Uttar Pradesh, Kushinagar",Composite,26,N,81.22,E
Uttar Pradesh,Lalitpur,"Uttar Pradesh, Lalitpur",Composite,24,N,78.47,E
Uttar Pradesh,Lucknow,"Uttar Pradesh, Lucknow",Composite,26,N,80.98,E
Uttar Pradesh,Maharajganj,"Uttar Pradesh, Maharajganj",Composite,27,N,83.57,E
Uttar Pradesh,Mahoba,"Uttar Pradesh, Mahoba",Composite,25,N,79.92,E
Uttar Pradesh,Mainpuri,"Uttar Pradesh, Mainpuri",Composite,27,N,79.05,E
Uttar Pradesh,Mathura,"Uttar Pradesh, Mathura",Composite,27,N,77.73,E
Uttar Pradesh,Mau,"Uttar Pradesh, Mau",Composite,25,N,83.6,E
Uttar Pradesh,Meerut,"Uttar Pradesh, Meerut",Composite,29,N,77.75,E
Uttar Pradesh,Mirzapur,"Uttar Pradesh, Mirzapur",Composite,25,N,82.62,E
Uttar Pradesh,Moradabad,"Uttar Pradesh, Moradabad",Composite,28,N,78.82,E
Uttar Pradesh,Muzaffarnagar,"Uttar Pradesh, Muzaffarnagar",Composite,29,N,77.73,E
Uttar Pradesh,Pilibhit,"Uttar Pradesh, Pilibhit",Composite,28,N,79.85,E
Uttar Pradesh,Pratapgarh,"Uttar Pradesh, Pratapgarh",Composite,25,N,81.98,E
Uttar Pradesh,Prayagraj,"Uttar Pradesh, Prayagraj",Composite,25.43,N,81.83,E
Uttar Pradesh,Raebareli,"Uttar Pradesh, Raebareli",Composite,26,N,81.27,E
Uttar Pradesh,Rampur,"Uttar Pradesh, Rampur",Composite,28,N,79.08,E
Uttar Pradesh,Saharanpur,"Uttar Pradesh, Saharanpur",Composite,29,N,77.38,E
Uttar Pradesh,Sambhal,"Uttar Pradesh, Sambhal",Composite,28.58,N,78.56,E
Uttar Pradesh,Sant Kabir Nagar,"Uttar Pradesh, Sant Kabir Nagar",Composite,26,N,83.07,E
Uttar Pradesh,Shahjahanpur,"Uttar Pradesh, Shahjahanpur",Composite,27,N,79.95,E
Uttar Pradesh,Shamli,"Uttar Pradesh, Shamli",Composite,29.45,N,77.31,E
Uttar Pradesh,Shravasti,"Uttar Pradesh, Shravasti",Composite,27,N,82.62,E
Uttar Pradesh,Siddharthnagar,"Uttar Pradesh, Siddharthnagar",Composite,27,N,83.1,E
Uttar Pradesh,Sitapur,"Uttar Pradesh, Sitapur",Composite,27,N,79.95,E
Uttar Pradesh,Sonbhadra,"Uttar Pradesh, Sonbhadra",Composite,24,N,83.07,E
Uttar Pradesh,Sultanpur,"Uttar Pradesh, Sultanpur",Composite,26,N,82.07,E
Uttar Pradesh,Unnao,"Uttar Pradesh, Unnao",Composite,26,N,80.72,E
Uttar Pradesh,Varanasi,"Uttar Pradesh, Varanasi",Composite,25,N,83,E
Uttarakhand,Almora,"Uttarakhand, Almora",Cold,29,N,89.67,E
Uttarakhand,Bageshwar,"Uttarakhand, Bageshwar",Cold,29,N,89.77,E
Uttarakhand,Chamoli,"Uttarakhand, Chamoli",Cold,30,N,79.35,E
Uttarakhand,Champawat,"Uttarakhand, Champawat",Cold,26,N,80.1,E
Uttarakhand,Dehradun,"Uttarakhand, Dehradun",Composite,30,N,79.35,E
Uttarakhand,Haridwar,"Uttarakhand, Haridwar",Composite,30,N,78.02,E
Uttarakhand,Nainital,"Uttarakhand, Nainital",Composite,29,N,79.45,E
Uttarakhand,Pauri,"Uttarakhand, Pauri",Composite,30,N,78.77,E
Uttarakhand,Pithoragarh,"Uttarakhand, Pithoragarh",Cold,29,N,80.22,E
Uttarakhand,Rudraprayag,"Uttarakhand, Rudraprayag",Cold,30,N,78.97,E
Uttarakhand,Tehri,"Uttarakhand, Tehri","Cold,Composite",30,N,78.47,E
Uttarakhand,Udham Singh Nagar,"Uttarakhand, Udham Singh Nagar",Composite,30,N,79.35,E
Uttarakhand,Uttarkashi,"Uttarakhand, Uttarkashi",Cold,30,N,78.45,E
West Bengal,Alipurduar,"West Bengal, Alipurduar",Warm & Humid,26.49,N,89.52,E
West Bengal,Bankura,"West Bengal, Bankura",Warm & Humid,23,N,87.12,E
West Bengal,Birbhum,"West Bengal, Birbhum",Warm & Humid,24,N,87.57,E
West Bengal,Cooch Behar,"West Bengal, Cooch Behar",Warm & Humid,26,N,89.42,E
West Bengal,Dakshin Dinajpur,"West Bengal, Dakshin Dinajpur",Warm & Humid,25,N,88.77,E
West Bengal,Darjeeling,"West Bengal, Darjeeling",Warm & Humid,27,N,88.3,E
West Bengal,Hooghly,"West Bengal, Hooghly",Warm & Humid,22,N,88.4,E
West Bengal,Howrah,"West Bengal, Howrah",Warm & Humid,22,N,88.3,E
West Bengal,Jalpaiguri,"West Bengal, Jalpaiguri",Warm & Humid,26,N,88.3,E
West Bengal,Jhargram,"West Bengal, Jhargram",Warm & Humid,22.45,N,86.99,E
West Bengal,Kalimpong,"West Bengal, Kalimpong",Warm & Humid,27.06,N,88.47,E
West Bengal,Kolkata,"West Bengal, Kolkata",Warm & Humid,22,N,88.37,E
West Bengal,Malda,"West Bengal, Malda",Warm & Humid,25,N,88.15,E
West Bengal,Murshidabad,"West Bengal, Murshidabad",Warm & Humid,24,N,88.32,E
West Bengal,Nadia,"West Bengal, Nadia",Warm & Humid,23,N,88.37,E
West Bengal,North 24 Parganas,"West Bengal, North 24 Parganas",Warm & Humid,22,N,88.52,E
West Bengal,Paschim Bardhaman,"West Bengal, Paschim Bardhaman",Warm & Humid,23.68,N,86.97,E
West Bengal,Paschim Medinipur,"West Bengal, Paschim Medinipur",Warm & Humid,22.42,N,87.32,E
West Bengal,Purba Bardhaman,"West Bengal, Purba Bardhaman",Warm & Humid,23.24,N,87.86,E
West Bengal,Purba Medinipur,"West Bengal, Purba Medinipur",Warm & Humid,22.29,N,87.924,E
West Bengal,Purulia,"West Bengal, Purulia",Composite,23,N,88.47,E
West Bengal,South 24 Parganas,"West Bengal, South 24 Parganas",Warm & Humid,22,N,88.33,E
West Bengal,Uttar Dinajpur,"West Bengal, Uttar Dinajpur",Warm & Humid,25,N,88.12,E
USA,Washington-DC,"USA, Washington-DC",Temperate,38.9,N,77.03,W
Canada,Ontario,"Canada, Ontario",Warm & Humid,51.25,N,85.32,W
