Location_ID,Country,Sim_location,Weather_file,Same_City_Weather_file,,
L1,India,New Delhi,IND_NewDelhi.421820_ISHRAE_EDS,,,
L2,India,Ahmedabad,IND_Ahmedabad.426470_ISHRAE_EDS,,,
L3,India,Bengaluru,IND_Bangalore.432950_ISHRAE_EDS,,,
L4,India,Chennai,IND_Chennai.432790_ISHRAE_EDS,,,
L5,India,Hyderabad,IND_Hyderabad.431280_ISHRAE_EDS,,,
L6,India,Jaisalmer,IND_Jaisalmer.423280_ISHRAE_EDS,,,
L7,India,Kolkata,IND_Kolkata.428090_ISHRAE_EDS,,,
L8,India,Srinagar,IND_Srinagar.420270_ISHRAE2014,,,
L9,India,Mumbai,IND_Mumbai.430030_ISHRAE_EDS,,,
L10,India,Lucknow,IND_Lucknow.423690_ISHRAE_EDS,,,
L11,India,Pune,IND_Pune.430630_ISHRAE_EDS,,,
L12,India,Sholapur,IND_Sholapur.431170_ISHRAE_EDS,,,
L13,India,Tiruchirappalli,IND_Tiruchirapalli.433440_ISHRAE_EDS,,,
L14,India,Akola,IND_Akola.429340_ISHRAE_EDS,,,
L15,India,Jaipur,IND_Jaipur.423480_ISHRAE_EDS,,,
L16,India,Indore,IND_Indore.427540_ISHRAE_EDS,,,
L17,India,Guwahati,IND_Guwahati.424100_ISHRAE_EDS,,,
L18,India,Dehradun,IND_Dehradun.421110_ISHRAE_EDS,,,
L19,India,Bhubaneswar,IND_Bhubneshwar.429710_ISHRAE_EDS,,,
L20,India,Surat,IND_Surat.428400_ISHRAE_EDS,,,
L21,India,Raipur,IND_Raipur.428750_ISHRAE_EDS,,,
L22,India,Nagpur,IND_Nagpur.428670_ISHRAE_EDS,,,
L23,India,Visakhapatnam,IND_Vishakhapatnam.431500_ISHRAE_EDS,,,
L24,India,Shillong,IND_Shillong.425160_ISHRAE_EDS,,,
L25,India,Rajkot,IND_Rajkot.427370_ISHRAE_EDS,,,
L26,India,Ranchi,IND_Ranchi.427010_ISHRAE_EDS,,,
L27,India,Goa,IND_Goa.Panjim.431920_IWEC_EDS,,,
L28,United States of America,Atlanta,USA_GA_Atlanta_TMY2,,,
L29,United States of America,Boston,USA_MA_Boston_TMY2,,,
L30,United States of America,Chicago,USA_IL_Chicago_TMY2,,,
L31,United States of America,Dallas,USA_TX_Dallas_TMY2,,,
L32,United States of America,Denver,USA_CO_Denver_TMY2,,,
L33,United States of America,Honolulu,USA_HI_Honolulu_TMY2,,,
L34,United States of America,Houston,USA_TX_Houston_TMY2,,,
L35,United States of America,Las Vegas,USA_NV_Las_Vegas_TMY2,,,
L36,United States of America,Los Angeles,USA_CA_Los_Angeles_TMY2,,,
L37,United States of America,Miami,USA_FL_Miami_TMY2,,,
L38,United States of America,Minneapolis,USA_MN_Minneapolis_TMY2,,,
L39,United States of America,New York,USA_NY_New_York_TMY2,,,
L40,United States of America,Philadelphia,USA_PA_Philadelphia_TMY2,,,
L41,United States of America,Phoenix,USA_AZ_Phoenix_TMY2,,,
L42,United States of America,San Diego,USA_CA_San_Diego_TMY2,,,
L43,United States of America,San Francisco,USA_CA_San_Francisco_TMY2,,,
L44,United States of America,Seattle,USA_WA_Seattle_TMY2,,,
L45,United States of America,St. Louis,USA_MO_St_Louis_TMY2,,,
L46,United States of America,Washington DC,USA_DC_Washington_TMY2,AK_Anchorage_Elmendorf,,
L47,United States of America,Adak,AK_Adak_NAS,AK_Anchorage_Merrill_Fld,,
L48,United States of America,Ambler,AK_Ambler,,,
L49,United States of America,Anaktuvuk Pass,AK_Anaktuvuk_Pass,,,
L51,United States of America,Anchorage,AK_Anchorage_Intl_AP,,,
L53,United States of America,Aniak,AK_Aniak_Airport,,,
L54,United States of America,Annette Island,AK_Annette_Island_AP,AK_Anvik,,
L56,United States of America,Barrow,AK_Barrow_W_Post-W_Rogers,,,
L57,United States of America,Bethel,AK_Bethel_Airport,,,
L58,United States of America,Bettles,AK_Bettles_Field,,,
L59,United States of America,Big Delta,AK_Big_Delta_Allen_AAF,,,
L60,United States of America,Alaska,AK_Big_River_Lake,,,
L61,United States of America,Birchwood,AK_Birchwood,,,
L62,United States of America,Chulitna,AK_Chulitna,,,
L63,United States of America,Cold Bay,AK_Cold_Bay_Arpt,,,
L64,United States of America,Cordova,AK_Cordova,,,
L65,United States of America,Deadhorse,AK_Deadhorse,,,
L66,United States of America,Dillingham,AK_Dillingham_(AMOS),,,
L67,United States of America,Dutch Harbor,AK_Dutch_Harbor,,,
L68,United States of America,Emmonak,AK_Emmonak,,,
L70,United States of America,Fairbanks,AK_Fairbanks_Intl_Arpt,AK_Fairbanks_Eielson_A,,
L71,United States of America,Fort Yukon,AK_Fort_Yukon,,,
L72,United States of America,Gambell,AK_Gambell,,,
L73,United States of America,Gulkana,AK_Gulkana_Intermediate,,,
L74,United States of America,Gustavus,AK_Gustavus,,,
L75,United States of America,Hayes River,AK_Hayes_River,,,
L76,United States of America,Healy,AK_Healy_River_Airport,,,
L77,United States of America,Homer,AK_Homer_Arpt,,,
L78,United States of America,Hoonah,AK_Hoonah,,,
L79,United States of America,Hooper Bay,AK_Hooper_Bay,,,
L80,United States of America,Huslia,AK_Huslia,,,
L81,United States of America,Hydaburg,AK_Hydaburg_Seaplane,,,
L82,United States of America,Iliamna,AK_Iliamna_Arpt,,,
L83,United States of America,Juneau,AK_Juneau_Intl_Arpt,,,
L84,United States of America,Kake,AK_Kake_Seaplane_Base,,,
L85,United States of America,Kenai,AK_Kenai_Municipal_AP,,,
L86,United States of America,Ketchikan,AK_Ketchikan_Intl_AP,,,
L87,United States of America,King Salmon,AK_King_Salmon_Arpt,,,
L88,United States of America,Kodiak,AK_Kodiak_Airport,,,
L89,United States of America,Kotzebue,AK_Kotzebue_Ralph_Wein_Me,,,
L90,United States of America,Anchorage,AK_Lake_Hood_Seaplane,,,
L91,United States of America,Mcgrath,AK_Mcgrath_Arpt,,,
L92,United States of America,Mekoryuk,AK_Mekoryuk,,,
L93,United States of America,Middleton Island,AK_Middleton_Island_Aut,,,
L94,United States of America,Minchumina,AK_Minchumina,,,
L95,United States of America,Nenana,AK_Nenana_Municipal_AP,,,
L96,United States of America,Nome,AK_Nome_Municipal_Arpt,,,
L97,United States of America,Northway,AK_Northway_Airport,,,
L98,United States of America,Palmer,AK_Palmer_Municipal,,,
L99,United States of America,Petersburg,AK_Petersburg,,,
L100,United States of America,Point Hope,AK_Point_Hope_(AWOS),,,
L101,United States of America,Port Heiden,AK_Port_Heiden,,,
L102,United States of America,Saint Mary,AK_Saint_Mary%60S_(AWOS),,,
L103,United States of America,Sand Point,AK_Sand_Point,,,
L104,United States of America,Savoonga,AK_Savoonga,,,
L105,United States of America,Selawik,AK_Selawik,,,
L106,United States of America,Seward,AK_Seward,,,
L107,United States of America,Shemya,AK_Shemya_AFB,,,
L108,United States of America,Shishmaref,AK_Shishmaref_(AWOS),,,
L109,United States of America,Sitka,AK_Sitka_Japonski_AP,,,
L110,United States of America,Skagway,AK_Skagway_Airport,,,
L111,United States of America,Sleetmute,AK_Sleetmute,,,
L112,United States of America,Soldotna,AK_Soldotna,,,
L113,United States of America,St Paul Island,AK_St_Paul_Island_Arpt,,,
L114,United States of America,Talkeetna,AK_Talkeetna_State_Arpt,,,
L115,United States of America,Tanana,AK_Tanana_Ralph_M_Calhoun,,,
L116,United States of America,Togiak,AK_Togiac_Village_AWOS,,,
L117,United States of America,Unalakleet,AK_Unalakleet_Field,,,
L119,United States of America,Valdez,AK_Valdez_Wso,AK_Valdez_Pioneer_Field,,
L120,United States of America,Whittier,AK_Whittier,,,
L121,United States of America,Wrangell,AK_Wrangell,,,
L122,United States of America,Yakutat,AK_Yakutat_State_Arpt,,,
L123,United States of America,Anniston,AL_Anniston_Metropolitan,,,
L124,United States of America,Auburn,AL_Auburn-Opelika_Apt,,,
L125,United States of America,Birmingham,AL_Birmingham_Municipal_A,,,
L126,United States of America,Fort Rucker,AL_Cairns_Field_Fort_Ruck,,,
L127,United States of America,Dothan,AL_Dothan_Municipal_AP,,,
L128,United States of America,Gadsen,AL_Gadsen_Muni_(AWOS),,,
L129,United States of America,Huntsville,AL_Huntsville_Intl_Jones,,,
L130,United States of America,Montgomery,AL_Maxwell_AFB,,,
L131,United States of America,Mobile,AL_Mobile_Downtown_AP,,,
L132,United States of America,Mobile,AL_Mobile_Regional_AP,,,
L133,United States of America,Montgomery,AL_Montgomery_Dannelly_Fi,,,
L134,United States of America,Muscle Shoals,AL_Muscle_Shoals_Regional,,,
L135,United States of America,Troy,AL_Troy_Af,,,
L136,United States of America,Tuscaloosa,AL_Tuscaloosa_Municipal_A,,,
L137,United States of America,Batesville,AR_Batesville_(AWOS),,,
L138,United States of America,Bentonville,AR_Bentonville_(AWOS),,,
L139,United States of America,El Dorado,AR_El_Dorado_Goodwin_Fiel,,,
L140,United States of America,Fayetteville,AR_Fayetteville_Drake_Fie,,,
L141,United States of America,Flippin,AR_Flippin_(AWOS),,,
L142,United States of America,Fort Smith,AR_Fort_Smith_Regional_Ap,,,
L143,United States of America,Harrison,AR_Harrison_Faa_AP,,,
L144,United States of America,Jonesboro,AR_Jonesboro_Muni,,,
L146,United States of America,Little Rock,AR_Little_Rock_Adams_Fiel,AR_Little_Rock_AFB,,
L147,United States of America,Hot Springs,AR_Memorial_Fld,,,
L148,United States of America,Pine Bluff,AR_Pine_Bluff_Faa_AP,,,
L149,United States of America,Rogers,AR_Rogers_(AWOS),,,
L150,United States of America,Siloam Spring,AR_Siloam_Spring(AWOS),,,
L151,United States of America,Springdale,AR_Springdale_Muni,,,
L152,United States of America,Stuttgart,AR_Stuttgart_(AWOS),,,
L153,United States of America,Texarkana,AR_Texarkana_Webb_Field,,,
L154,United States of America,Walnut Ridge,AR_Walnut_Ridge_(AWOS),,,
L155,United States of America,Casa Granda,AZ_Casa_Granda_(AWOS),,,
L156,United States of America,Tucson,AZ_Davis_Monthan_AFB,,,
L157,United States of America,Phoenix,AZ_Deer_Valley_Phoenix,,,
L158,United States of America,Douglas,AZ_Douglas_Bisbee-Douglas,,,
L159,United States of America,Flagstaff,AZ_Flagstaff_Pulliam_Arpt,,,
L160,United States of America,Grand Canyon,AZ_Grand_Canyon_Natl_P,,,
L161,United States of America,Kingman,AZ_Kingman_(AMOS),,,
L162,United States of America,Luke AFB,AZ_Luke_AFB,,,
L163,United States of America,Page Muni ,AZ_Page_Muni_(AMOS),,,
L164,United States of America,Phoenix,AZ_Phoenix_Sky_Harbor_Int,,,
L165,United States of America,Prescott ,AZ_Prescott_Love_Field,,,
L166,United States of America,Safford,AZ_Safford_(AMOS),,,
L167,United States of America,Scottsdale ,AZ_Scottsdale_Muni,,,
L168,United States of America,Show Low,AZ_Show_Low_Municipal,,,
L169,United States of America,Tucson,AZ_Tucson_International_A,,,
L170,United States of America,Winslow,AZ_Winslow_Municipal_AP,,,
L171,United States of America,Yuma,AZ_Yuma_Intl_Arpt,AZ_Yuma_MCAS,,
L173,United States of America,Alturas,CA_Alturas,,,
L174,United States of America,Arcata,CA_Arcata_Airport,,,
L175,United States of America,Bakersfield,CA_Bakersfield_Meadows_Fi,,,
L176,United States of America,Beale,CA_Beale_AFB,,,
L177,United States of America,Bishop,CA_Bishop_Airport,,,
L178,United States of America,Blue Canyon,CA_Blue_Canyon_AP,,,
L179,United States of America,Blythe,CA_Blythe_Riverside_Co_Ar,,,
L180,United States of America,Burbank,CA_Burbank-Glendale-Passa,,,
L181,United States of America,Camarillo,CA_Camarillo_(AWOS),,,
L182,United States of America,Camp Pendleton,CA_Camp_Pendleton_MCAS,,,
L183,United States of America,Carlsbad Palomar,CA_Carlsbad_Palomar,,,
L184,United States of America,China Lake,CA_China_Lake_NAF,,,
L185,United States of America,Chino,CA_Chino_Airport,,,
L186,United States of America,San Diego,CA_Chula_Vista_Brown_Fiel,,,
L187,United States of America,Concord,CA_Concord_Concord-Buchan,,,
L188,United States of America,Crescent City,CA_Crescent_City_Faa_Ai,,,
L189,United States of America,Barstow,CA_Daggett_Barstow,,,
L190,United States of America,Edwards AFB,CA_Edwards_AFB,,,
L191,United States of America,Fresno,CA_Fresno_Yosemite_Intl_A,,,
L192,United States of America,Fullerton,CA_Fullerton_Municipal,,,
L193,United States of America,Hayward,CA_Hayward_Air_Term,,,
L194,United States of America,Imperial,CA_Imperial,,,
L195,United States of America,Hawthorne,CA_Jack_Northrop_Fld_H,,,
L196,United States of America,Lancaster,CA_Lancaster_Gen_Wm_Fox_F,,,
L197,United States of America,Lemoore,CA_Lemoore_Reeves_NAS,,,
L198,United States of America,Livermore,CA_Livermore_Municipal,,,
L199,United States of America,Lompoc,CA_Lompoc_(AWOS),,,
L200,United States of America,Long Beach,CA_Long_Beach_Daugherty_F,,,
L201,United States of America,Los Angeles,CA_Los_Angeles_Intl_Arpt,,,
L202,United States of America,March AFB,CA_March_AFB,,,
L203,United States of America,Merced,CA_Merced_MacReady_Fld,,,
L204,United States of America,Modesto,CA_Modesto_City-County_Ap,,,
L205,United States of America,Montague,CA_Montague_Siskiyou_Coun,,,
L206,United States of America,Monterey,CA_Monterey_NAF,,,
L207,United States of America,Mountain View,CA_Mountain_View_Moffett,,,
L208,United States of America,Napa,CA_Napa_Co._Airport,,,
L209,United States of America,Needles,CA_Needles_Airport,,,
L210,United States of America,Oakland,CA_Oakland_Metropolitan_A,,,
L211,United States of America,Oxnard,CA_Oxnard_Airport,,,
L212,United States of America,Palm Springs,CA_Palm_Springs_Intl,,,
L213,United States of America,Thermal,CA_Palm_Springs_Thermal_A,,,
L214,United States of America,Palmdale,CA_Palmdale_Airport,,,
L215,United States of America,Paso Robles,CA_Paso_Robles_Municipal,,,
L216,United States of America,Point Mugu,CA_Point_Mugu_Nf,,,
L217,United States of America,Porterville,CA_Porterville_(AWOS),,,
L218,United States of America,Red Bluff,CA_Red_Bluff_Municipal_Ar,,,
L219,United States of America,Redding,CA_Redding_Municipal_Arpt,,,
L220,United States of America,Riverside,CA_Riverside_Muni,,,
L222,United States of America,Sacramento,CA_Sacramento_Metropolita,CA_Sacramento_Executive_A,,
L223,United States of America,Salinas,CA_Salinas_Municipal_AP,,,
L224,United States of America,San Diego ,CA_San_Diego_Lindbergh_Fi,,,
L225,United States of America,San Diego ,CA_San_Diego_Miramar_NAS,,,
L226,United States of America,San Diego ,CA_San_Diego_Montgomer,,,
L227,United States of America,San Diego ,CA_San_Diego_North_Island,,,
L228,United States of America,San Francisco,CA_San_Francisco_Intl_AP,,,
L229,United States of America,San Jose ,CA_San_Jose_Intl_AP,,,
L230,United States of America,San Luis,CA_San_Luis_Co_Rgnl,,,
L231,United States of America,Sandberg,CA_Sandberg,,,
L232,United States of America,Santa Ana ,CA_Santa_Ana_John_Wayne_A,,,
L233,United States of America,Santa Barbara ,CA_Santa_Barbara_Municipa,,,
L234,United States of America,Santa Maria ,CA_Santa_Maria_Public_Arp,,,
L235,United States of America,Santa Monica ,CA_Santa_Monica_Muni,,,
L236,United States of America,Santa Rosa,CA_Santa_Rosa_(AWOS),,,
L237,United States of America,South Lake Tahoe,CA_South_Lake_Tahoe,,,
L238,United States of America,Stockton,CA_Stockton_Metropolitan,,,
L239,United States of America,Travis,CA_Travis_Field_AFB,,,
L240,United States of America,Truckee,CA_Truckee-Tahoe,,,
L241,United States of America,Twentynine Palms,CA_Twentynine_Palms,,,
L242,United States of America,Ukiah,CA_Ukiah_Municipal_AP,,,
L243,United States of America,Van Nuys,CA_Van_Nuys_Airport,,,
L244,United States of America,Visalia Muni,CA_Visalia_Muni_(AWOS),,,
L245,United States of America,Yuba,CA_Yuba_Co,,,
L246,United States of America,Akron,CO_Akron_Washington_Co_Ap,,,
L247,United States of America,Alamosa,CO_Alamosa_San_Luis_Valle,,,
L248,United States of America,Aspen,CO_Aspen_Pitkin_Co_Sar,,,
L249,United States of America,Aurora,CO_Aurora_Buckley_Field_A,,,
L250,United States of America,Broomfield,CO_Broomfield_Jeffco,,,
L251,United States of America,Colorado Springs,CO_Colorado_Springs_Muni,,,
L252,United States of America,Cortez,CO_Cortez_Montezuma_Co,,,
L253,United States of America,Craig,CO_Craig-Moffat,,,
L254,United States of America,Centennial,CO_Denver_Centennial,,,
L255,United States of America,Denver,CO_Denver_Intl_AP,,,
L256,United States of America,Durango,CO_Durango_La_Plata_Co,,,
L257,United States of America,Eagle,CO_Eagle_County_AP,,,
L258,United States of America,Fort Collins,CO_Fort_Collins_(AWOS),,,
L259,United States of America,Grand Junction,CO_Grand_Junction_Walker,,,
L260,United States of America,Greeley,CO_Greeley_Weld_(AWOS),,,
L261,United States of America,Gunnison,CO_Gunnison_Co._(AWOS),,,
L262,United States of America,Hayden,CO_Hayden_Yampa_(AWOS),,,
L263,United States of America,La Junta,CO_La_Junta_Municipal_AP,,,
L264,United States of America,Lamar,CO_Lamar_Municipal,,,
L265,United States of America,Leadville,CO_Leadville_Lake_Co.,,,
L266,United States of America,Limon,CO_Limon,,,
L267,United States of America,Montrose,CO_Montrose_Co._Arpt,,,
L268,United States of America,Pueblo,CO_Pueblo_Memorial_AP,,,
L269,United States of America,Rifle,CO_Rifle_Garfield_Rgnl,,,
L270,United States of America,Trinidad,CO_Trinidad_Las_Animas_Co,,,
L271,United States of America,Bridgeport,CT_Bridgeport_Sikorsky_Me,,,
L272,United States of America,Danbury,CT_Danbury_Municipal,,,
L273,United States of America,Groton,CT_Groton_New_London_AP,,,
L274,United States of America,Hartford,CT_Hartford_Bradley_Intl,,,
L275,United States of America,Hartford,CT_Hartford_Brainard_Fd,,,
L276,United States of America,New Haven,CT_New_Haven_Tweed_Airpor,,,
L277,United States of America,Oxford,CT_Oxford_(AWOS),,,
L278,United States of America,Dover,DE_Dover_AFB,,,
L279,United States of America,Wilmington,DE_Wilmington_New_Castle,,,
L280,United States of America,Crestview,FL_Crestview_Bob_Sikes_Ap,,,
L281,United States of America,Daytona Beach,FL_Daytona_Beach_Intl_AP,,,
L282,United States of America,Fort Lauderdale,FL_Fort_Lauderdale,,,
L283,United States of America,Fort Lauderdale,FL_Fort_Lauderdale_Hollyw,,,
L284,United States of America,Fort Myers,FL_Fort_Myers_Page_Field,,,
L285,United States of America,Gainesville,FL_Gainesville_Regional_A,,,
L286,United States of America,Homestead,FL_Homestead_AFB,,,
L287,United States of America,Jacksonville,FL_Jacksonville_Craig,,,
L288,United States of America,Jacksonville,FL_Jacksonville_Intl_AP,,,
L289,United States of America,Jacksonville,FL_Jacksonville_NAS,,,
L290,United States of America,Key West,FL_Key_West_Intl_Arpt,FL_Key_West_NAS,,
L292,United States of America,Lakeland,FL_Lakeland_Linder_Rgn,,,
L293,United States of America,Tampa,FL_MacDill_AFB,,,
L294,United States of America,Marathon,FL_Marathon_Airport,,,
L295,United States of America,Jacksonville,FL_Mayport_Ns,,,
L296,United States of America,Melbourne,FL_Melbourne_Regional_AP,,,
L297,United States of America,Miami,FL_Miami_Intl_AP,,,
L298,United States of America,Miami,FL_Miami_Kendall-Tamia,,,
L299,United States of America,Miami,FL_Miami_Opa_Locka,,,
L300,United States of America,Naples,FL_Naples_Municipal,,,
L301,United States of America,Titusville,FL_Nasa_Shuttle_Fclty,,,
L302,United States of America,Ocala,FL_Ocala_Muni_(AWOS),,,
L303,United States of America,Orlando,FL_Orlando_Executive_AP,,,
L304,United States of America,Orlando,FL_Orlando_Intl_Arpt,,,
L305,United States of America,Sanford,FL_Orlando_Sanford_AP,,,
L306,United States of America,Panama City,FL_Panama_City_Bay_Co,,,
L307,United States of America,Pensacola,FL_Pensacola_Forest_Sherm,,,
L308,United States of America,Pensacola,FL_Pensacola_Regional_AP,,,
L309,United States of America,Sarasota,FL_Sarasota_Bradenton,,,
L310,United States of America,Fort Myers,FL_Southwest_Florida_I,,,
L311,United States of America,Fort Pierce,FL_St_Lucie_Co_Intl,,,
L313,United States of America,St. Petersburg,FL_St_Petersburg_Clear,FL_St_Petersburg_Albert_W,,
L314,United States of America,Tallahassee,FL_Tallahassee_Regional_A,,,
L315,United States of America,Tampa,FL_Tampa_International_Ap,,,
L316,United States of America,Panama City,FL_Tyndall_AFB,,,
L317,United States of America,Valparaiso,FL_Valparaiso_Elgin_AFB,,,
L318,United States of America,Valparaiso,FL_Valparaiso_Hurlburt,,,
L319,United States of America,Vero Beach,FL_Vero_Beach_Municipal,,,
L320,United States of America,West Palm Beach,FL_West_Palm_Beach_Intl_A,,,
L321,United States of America,Milton,FL_Whiting_Field_Naas,,,
L322,United States of America,Albany,GA_Albany_Dougherty_Count,,,
L323,United States of America,Alma,GA_Alma_Bacon_County_AP,,,
L324,United States of America,Athens,GA_Athens_Ben_Epps_AP,,,
L325,United States of America,Atlanta,GA_Atlanta_Hartsfield_Int,,,
L326,United States of America,Augusta,GA_Augusta_Bush_Field,,,
L327,United States of America,Brunswick,GA_Brunswick_Golden_Is,,,
L328,United States of America,Brunswick,GA_Brunswick_Malcolm_Mcki,,,
L329,United States of America,Columbus,GA_Columbus_Metropolitan,,,
L330,United States of America,Atlanta,GA_Dekalb_Peachtree,,,
L331,United States of America,Fort Benning,GA_Fort_Benning_Lawson,,,
L332,United States of America,Atlanta,GA_Fulton_Co_Arpt_Brow,,,
L333,United States of America,Savannah,GA_Hunter_AAF,,,
L334,United States of America,Macon,GA_Macon_Middle_Ga_Region,,,
L335,United States of America,Marietta,GA_Marietta_Dobbins_AFB,,,
L336,United States of America,Valdosta,GA_Moody_AFB-Valdosta,,,
L337,United States of America,Rome,GA_Rome_R_B_Russell_AP,,,
L338,United States of America,Savannah,GA_Savannah_Intl_AP,,,
L339,United States of America,Valdosta,GA_Valdosta_Wb_Airport,,,
L340,United States of America,Warner Robins,GA_Warner_Robins_AFB,,,
L341,United States of America,Yigo,GU_Andersen_AFB,,,
L342,United States of America,Guam,GU_Guam_WFO,,,
L343,United States of America,Kapolei,HI_Barbers_Point_NAS,,,
L344,United States of America,Hilo,HI_Hilo_International_AP,,,
L345,United States of America,Honolulu,HI_Honolulu_Intl_Arpt,,,
L346,United States of America,Kahului,HI_Kahului_Airport,,,
L347,United States of America,Kaneohe,HI_Kaneohe_Bay_MCAS,,,
L348,United States of America,Kapalua,HI_Kapalua,,,
L349,United States of America,Kona,HI_Kona_Intl_At_Keahol,,,
L350,United States of America,Lanai,HI_Lanai,,,
L351,United States of America,Lihue,HI_Lihue_Airport,,,
L352,United States of America,Molokai,HI_Molokai_(AMOS),,,
L353,United States of America,Algona,IA_Algona,,,
L354,United States of America,Atlantic,IA_Atlantic,,,
L355,United States of America,Boone,IA_Boone_Muni,,,
L356,United States of America,Burlington,IA_Burlington_Municipal_A,,,
L357,United States of America,Carroll,IA_Carroll,,,
L358,United States of America,Cedar Rapids,IA_Cedar_Rapids_Municipal,,,
L359,United States of America,Chariton,IA_Chariton,,,
L360,United States of America,Charles City,IA_Charles_City,,,
L361,United States of America,Clarinda,IA_Clarinda,,,
L362,United States of America,Clinton,IA_Clinton_Muni_(AWOS),,,
L363,United States of America,Council Bluffs,IA_Council_Bluffs,,,
L364,United States of America,Creston,IA_Creston,,,
L365,United States of America,Decorah,IA_Decorah,,,
L366,United States of America,Denison,IA_Denison,,,
L367,United States of America,Des Moines,IA_Des_Moines_Intl_AP,,,
L368,United States of America,Dubuque,IA_Dubuque_Regional_AP,,,
L369,United States of America,Estherville,IA_Estherville_Muni,,,
L370,United States of America,Fairfield,IA_Fair_Field,,,
L371,United States of America,Fort Dodge,IA_Fort_Dodge_(AWOS),,,
L372,United States of America,Fort Madison,IA_Fort_Madison,,,
L373,United States of America,Keokuk,IA_Keokuk_Muni,,,
L374,United States of America,Knoxville,IA_Knoxville,,,
L375,United States of America,Le Mars,IA_Le_Mars,,,
L376,United States of America,Mason City,IA_Mason_City_Municipal_A,,,
L377,United States of America,Monticello,IA_Monticello_Muni,,,
L378,United States of America,Muscatine,IA_Muscatine,,,
L379,United States of America,Newton,IA_Newton_Muni,,,
L380,United States of America,Oelwein,IA_Oelwen,,,
L381,United States of America,Orange City,IA_Orange_City,,,
L382,United States of America,Ottumwa,IA_Ottumwa_Industrial_AP,,,
L383,United States of America,Red Oak,IA_Red_Oak,,,
L384,United States of America,Sheldon,IA_Sheldon,,,
L385,United States of America,Shenandoah,IA_Shenandoah_Muni,,,
L386,United States of America,Sioux City,IA_Sioux_City_Sioux_Gatew,,,
L387,United States of America,Spencer,IA_Spencer,,,
L388,United States of America,Storm Lake,IA_Storm_Lake,,,
L389,United States of America,Washington,IA_Washington,,,
L390,United States of America,Waterloo,IA_Waterloo_Municipal_AP,,,
L391,United States of America,Webster City,IA_Webster_City,,,
L392,United States of America,Boise,ID_Boise_Air_Terminal,,,
L393,United States of America,Burley,ID_Burley_Municipal_Arpt,,,
L394,United States of America,Caldwell,ID_Caldwell_(AWOS),,,
L395,United States of America,Coeur d'Alene,ID_Coeur_D%60ALENE(AWOS),,,
L396,United States of America,Hailey,ID_Hailey_Friedman_Mem,,,
L397,United States of America,Idaho Falls,ID_Idaho_Falls_Fanning_Fi,,,
L398,United States of America,Twin Falls ,ID_Joslin_Fld_Magic_Va,,,
L399,United States of America,Lewiston,ID_Lewiston_Nez_Perce_Cnt,,,
L400,United States of America,Malad City,ID_Malad_City,,,
L401,United States of America,Mountain Home,ID_Mountain_Home_AFB,,,
L402,United States of America,Pocatello,ID_Pocatello_Regional_AP,,,
L403,United States of America,Salmon Lemhi,ID_Salmon_Lemhi_(AWOS),,,
L404,United States of America,Soda Springs,ID_Soda_Springs_Tigert,,,
L405,United States of America,Aurora,IL_Aurora_Municipal,,,
L406,United States of America,Belleville Scott,IL_Belleville_Scott_AFB,,,
L407,United States of America,Cahokia,IL_Cahokia_St._Louis,,,
L408,United States of America,Illinois Rg,IL_Central_Illinois_Rg,,,
L410,United States of America,Chicago,IL_Chicago_Ohare_Intl_AP,IL_Chicago_Midway_AP,,
L412,United States of America,Decatur,IL_Decatur,,,
L413,United States of America,Marion,IL_Marion_Regional,,,
L414,United States of America,Moline Quad,IL_Moline_Quad_City_Intl,,,
L415,United States of America,Mount Vernon,IL_Mount_Vernon_(AWOS),,,
L416,United States of America,Peoria,IL_Peoria_Greater_Peoria,,,
L417,United States of America,Quincy Muni,IL_Quincy_Muni_Baldwin_Fl,,,
L418,United States of America,Rockford,IL_Rockford_Greater_Rockf,,,
L419,United States of America,Southern Illinois,IL_Southern_Illinois,,,
L420,United States of America,Springfield,IL_Springfield_Capital_Ap,,,
L421,United States of America,Sterling,IL_Sterling_Rockfalls,,,
L422,United States of America,Champaign,IL_Univ_Of_Illinois_Wi,,,
L423,United States of America,Chicago,IL_W._Chicago_Du_Page,,,
L424,United States of America,Delaware,IN_Delaware_Co_Johnson,,,
L425,United States of America,Evansville,IN_Evansville_Regional_Ap,,,
L426,United States of America,Fort Wayne,IN_Fort_Wayne_Intl_AP,,,
L427,United States of America,Grissom,IN_Grissom_Arb,,,
L428,United States of America,Huntingburg,IN_Huntingburg,,,
L429,United States of America,Indianapolis,IN_Indianapolis_Intl_AP,,,
L430,United States of America,Lafayette,IN_Lafayette_Purdue_Univ,,,
L431,United States of America,Monroe,IN_Monroe_Co,,,
L432,United States of America,South Bend,IN_South_Bend_Michiana_Rg,,,
L433,United States of America,Terre Haute,IN_Terre_Haute_Hulman_Reg,,,
L434,United States of America,Chanute,KS_Chanute_Martin_Johnson,,,
L435,United States of America,Concordia,KS_Concordia_Blosser_Muni,,,
L436,United States of America,Dodge City,KS_Dodge_City_Regional_Ap,,,
L437,United States of America,Emporia ,KS_Emporia_Municipal_AP,,,
L438,United States of America,Fort Riley ,KS_Fort_Riley_Marshall_Aa,,,
L439,United States of America,Garden City,KS_Garden_City_Municipal,,,
L440,United States of America,Goodland ,KS_Goodland_Renner_Field,,,
L441,United States of America,Great Bend,KS_Great_Bend_(AWOS),,,
L442,United States of America,Hays Muni,KS_Hays_Muni_(AWOS),,,
L443,United States of America,Hill City,KS_Hill_City_Municipal_Ap,,,
L444,United States of America,Hutchinson,KS_Hutchinson_Municipal_A,,,
L445,United States of America,Liberal,KS_Liberal_Muni,,,
L446,United States of America,Manhattan,KS_Manhattan_Rgnl,,,
L447,United States of America,Mcconnell,KS_Mcconnell_AFB,,,
L448,United States of America,Newton,KS_Newton_(AWOS),,,
L449,United States of America,Olathe,KS_Olathe_Johnson_Co.,,,
L450,United States of America,Olathe,KS_Olathe_Johnson_Co_Indu,,,
L451,United States of America,Russell,KS_Russell_Municipal_AP,,,
L452,United States of America,Salina,KS_Salina_Municipal_AP,,,
L453,United States of America,Topeka,KS_Topeka_Forbes_Field,,,
L454,United States of America,Topeka,KS_Topeka_Municipal_AP,,,
L455,United States of America,Wichita,KS_Wichita_Col._Jabara,,,
L456,United States of America,Wichita,KS_Wichita_Mid-Continent,,,
L457,United States of America,Bowling Green,KY_Bowling_Green_Warren_C,,,
L458,United States of America,Cincinnati,KY_Cincinnati_Northern_Ky,,,
L459,United States of America,Fort Campbell,KY_Fort_Campbell_AAF,,,
L460,United States of America,Fort Knox ,KY_Fort_Knox_Godman_AAF,,,
L461,United States of America,Henderson,KY_Henderson_City,,,
L462,United States of America,Jackson,KY_Jackson_Julian_Carroll,,,
L463,United States of America,Lexington,KY_Lexington_Bluegrass_Ap,,,
L464,United States of America,London,KY_London-Corbin_AP,,,
L466,United States of America,Louisville,KY_Louisville_Standiford,KY_Louisville_Bowman_Fiel,,
L467,United States of America,Paducah,KY_Paducah_Barkley_Region,,,
L468,United States of America,Somerset,KY_Somerset(AWOS),,,
L469,United States of America,Alexandria,LA_Alexandria_Esler_Regio,,,
L470,United States of America,Shreveport,LA_Barksdale_AFB,,,
L471,United States of America,Baton Rouge,LA_Baton_Rouge_Ryan_Arpt,,,
L472,United States of America,England,LA_England_AFB,,,
L473,United States of America,Leesville,LA_Fort_Polk_AAF,,,
L474,United States of America,Houma,LA_Houma-Terrebonne,,,
L475,United States of America,Lafayette,LA_Lafayette_Regional_AP,,,
L477,United States of America,Lake Charles,LA_Lake_Charles_Wb_Airp,LA_Lake_Charles_Regional,,
L478,United States of America,Monroe,LA_Monroe_Regional_AP,,,
L479,United States of America,New Iberia,LA_New_Iberia_Naas,,,
L481,United States of America,New Orleans,LA_New_Orleans_Intl_Arpt,LA_New_Orleans_Lakefront,LA_New_Orleans_Alvin_Call,
L483,United States of America,Patterson,LA_Patterson_Memorial,,,
L484,United States of America,Shreveport,LA_Shreveport_Downtown,LA_Shreveport_Regional_Ar,,
L486,United States of America,Barnstable,MA_Barnstable_Muni_Boa,,,
L487,United States of America,Beverly,MA_Beverly_Muni,,,
L488,United States of America,Boston,MA_Boston_Logan_Intl_Arp,,,
L489,United States of America,Chicopee,MA_Chicopee_Falls_Westo,,,
L490,United States of America,Lawrence,MA_Lawrence_Muni,,,
L491,United States of America,West Tisbury,MA_Marthas_Vineyard,,,
L492,United States of America,Nantucket,MA_Nantucket_Memorial_AP,,,
L493,United States of America,New Bedford,MA_New_Bedford_Rgnl,,,
L494,United States of America,North Adams,MA_North_Adams,,,
L495,United States of America,Norwood,MA_Norwood_Memorial,,,
L496,United States of America,Otis,MA_Otis_Angb,,,
L497,United States of America,Plymouth,MA_Plymouth_Municipal,,,
L498,United States of America,Provincetown ,MA_Provincetown_(AWOS),,,
L499,United States of America,Westfield,MA_Westfield_Barnes_Muni,,,
L500,United States of America,Worchester,MA_Worchester_Regional_Ar,,,
L501,United States of America,Camp Springs,MD_Andrews_AFB,,,
L502,United States of America,Baltimore,MD_Baltimore_Blt-Washngtn,,,
L503,United States of America,Hagerstown,MD_Hagerstown_Rgnl_Ric,,,
L504,United States of America,Patuxent,MD_Patuxent_River_NAS,,,
L505,United States of America,Salisbury,MD_Salisbury_Wicomico_Co,,,
L506,United States of America,Auburn,ME_Auburn-Lewiston,,,
L507,United States of America,Augusta,ME_Augusta_Airport,,,
L508,United States of America,Bangor,ME_Bangor_International_A,,,
L509,United States of America,Bar Harbor,ME_Bar_Harbor_(AWOS),,,
L510,United States of America,Caribou,ME_Caribou_Municipal_Arpt,,,
L511,United States of America,Houlton,ME_Houlton_Intl_Arpt,,,
L512,United States of America,Millinocket,ME_Millinocket_Municipal,,,
L513,United States of America,Naval,ME_Naval_Air_Station,,,
L514,United States of America,Aroostook,ME_Northern_Aroostook,,,
L515,United States of America,Portland,ME_Portland_Intl_Jetport,,,
L516,United States of America,Presque Isle,ME_Presque_Isle_Municip,,,
L517,United States of America,Rockland,ME_Rockland_Knox(AWOS),,,
L518,United States of America,Sanford,ME_Sanford_Muni_(AWOS),,,
L519,United States of America,Waterville,ME_Waterville_(AWOS),,,
L520,United States of America,Wiscasset,ME_Wiscasset,,,
L521,United States of America,Alpena,MI_Alpena_County_Regional,,,
L522,United States of America,Ann Arbor,MI_Ann_Arbor_Municipal,,,
L523,United States of America,Battle Creek,MI_Battle_Creek_Kellogg_A,,,
L524,United States of America,Benton Harbor ,MI_Benton_Harbor_Ross,,,
L525,United States of America,Cadillac ,MI_Cadillac_Wexford_Co_Ap,,,
L526,United States of America,Chippewa ,MI_Chippewa_Co_Intl,,,
L527,United States of America,Detroit,MI_Detroit_City_Airport,,,
L528,United States of America,Detroit,MI_Detroit_Metropolitan_A,,,
L529,United States of America,Detroit ,MI_Detroit_Willow_Run_AP,,,
L530,United States of America,Escanaba,MI_Escanaba_(AWOS),,,
L531,United States of America,Flint,MI_Flint_Bishop_Intl_Arpt,,,
L532,United States of America,Grand Rapids,MI_Grand_Rapids_Kent_Coun,,,
L533,United States of America,Hancock,MI_Hancock_Houghton_Co_Ap,,,
L534,United States of America,Houghton,MI_Houghton_Lake_Roscommo,,,
L535,United States of America,Howell,MI_Howell,,,
L536,United States of America,Iron Mountain,MI_Iron_Mountain_Ford,,,
L537,United States of America,Ironwood,MI_Ironwood_(AWOS),,,
L538,United States of America,Jackson,MI_Jackson_Reynolds_Field,,,
L539,United States of America,Kalamazoo,MI_Kalamazoo_Battle_Cr,,,
L540,United States of America,Lansing,MI_Lansing_Capital_City_A,,,
L541,United States of America,Manistee,MI_Manistee_(AWOS),,,
L542,United States of America,Menominee,MI_Menominee_(AWOS),,,
L543,United States of America,Mount Clemens,MI_Mount_Clemens_Selfridg,,,
L544,United States of America,Muskegon,MI_Muskegon_County_Arpt,,,
L545,United States of America,Oakland,MI_Oakland_Co_Intl,,,
L546,United States of America,Oscoda,MI_Oscoda_Wurtsmith_AFB,,,
L547,United States of America,Pellston,MI_Pellston_Emmet_County,,,
L548,United States of America,Saginaw,MI_Saginaw_Tri_City_Intl,,,
L549,United States of America,Sault Ste. Marie,MI_Sault_Ste_Marie_Sander,,,
L550,United States of America,St. Clair,MI_St.CLAIR_County_Int,,,
L551,United States of America,Traverse City,MI_Traverse_City_Cherry_C,,,
L552,United States of America,Aitkin,MN_Aitkin_Ndb(AWOS),,,
L553,United States of America,Albert Lea,MN_Albert_Lea_(AWOS),,,
L554,United States of America,Alexandria,MN_Alexandria_Municipal_A,,,
L555,United States of America,Austin,MN_Austin_Muni,,,
L556,United States of America,Baudette,MN_Baudette_International,,,
L557,United States of America,Bemidji,MN_Bemidji_Municipal,,,
L558,United States of America,Benson,MN_Benson_Muni,,,
L559,United States of America,Brainerd,MN_Brainerd_Wieland,,,
L560,United States of America,Cambridge,MN_Cambridge_Muni,,,
L561,United States of America,Cloquet,MN_Cloquet_(AWOS),,,
L562,United States of America,Crane Lake,MN_Crane_Lake_(AWOS),,,
L563,United States of America,Crookston,MN_Crookston_Muni_Fld,,,
L564,United States of America,Detroit Lakes,MN_Detroit_Lakes(AWOS),,,
L565,United States of America,Duluth,MN_Duluth_International_A,,,
L566,United States of America,Ely,MN_Ely_Muni,,,
L567,United States of America,Eveleth,MN_Eveleth_Muni_(AWOS),,,
L568,United States of America,Fairmont,MN_Fairmont_Muni(AWOS),,,
L569,United States of America,Faribault,MN_Faribault_Muni_Awos,,,
L570,United States of America,Fergus Falls,MN_Fergus_Falls(AWOS),,,
L571,United States of America,Flying Cloud,MN_Flying_Cloud,,,
L572,United States of America,Fosston,MN_Fosston(AWOS),,,
L573,United States of America,Glenwood,MN_Glenwood_(ASOS),,,
L574,United States of America,Grand Rapids,MN_Grand_Rapids(AWOS),,,
L575,United States of America,Hallock,MN_Hallock,,,
L576,United States of America,Hibbing,MN_Hibbing_Chisholm-Hibbi,,,
L577,United States of America,Hutchinson,MN_Hutchinson_(AWOS),,,
L578,United States of America,International Falls,MN_International_Falls_In,,,
L579,United States of America,Litchfield,MN_Litchfield_Muni,,,
L580,United States of America,Little Falls,MN_Little_Falls_(AWOS),,,
L581,United States of America,Mankato,MN_Mankato(AWOS),,,
L582,United States of America,Marshall,MN_Marshall_Ryan(AWOS),,,
L583,United States of America,Minneapolis,MN_Minneapolis-St_Paul_In,MN_Minneapolis_Crystal,,
L585,United States of America,Mora,MN_Mora_Muni_(AWOS),,,
L586,United States of America,Morris,MN_Morris_Muni_(AWOS),,,
L587,United States of America,New Ulm,MN_New_Ulm_Muni_(AWOS),,,
L588,United States of America,Orr,MN_Orr,,,
L589,United States of America,Owatonna,MN_Owatonna_(AWOS),,,
L590,United States of America,Park Rapids,MN_Park_Rapids_Municipal,,,
L591,United States of America,Pipestone,MN_Pipestone_(AWOS),,,
L592,United States of America,Red Wing,MN_Red_Wing,,,
L593,United States of America,Redwood Falls,MN_Redwood_Falls_Muni,,,
L594,United States of America,Rochester,MN_Rochester_Internationa,,,
L595,United States of America,Roseau,MN_Roseau_Muni_(AWOS),,,
L596,United States of America,Silver Bay,MN_Silver_Bay,,,
L597,United States of America,South St. Paul,MN_South_St_Paul_Muni,,,
L598,United States of America,St. Cloud,MN_St_Cloud_Regional_Arpt,,,
L599,United States of America,St. Paul,MN_St_Paul_Downtown_AP,,,
L600,United States of America,Thief River,MN_Thief_River(AWOS),,,
L601,United States of America,Two Harbors,MN_Two_Harbors,,,
L602,United States of America,Wheaton,MN_Wheaton_Ndb_(AWOS),,,
L603,United States of America,Willmar,MN_Willmar,,,
L604,United States of America,Winona,MN_Winona_Muni_(AWOS),,,
L605,United States of America,Worthington,MN_Worthington_(AWOS),,,
L606,United States of America,Cape Girardeau,MO_Cape_Girardeau_Municip,,,
L607,United States of America,Columbia,MO_Columbia_Regional_Airp,,,
L608,United States of America,Farmington,MO_Farmington,,,
L609,United States of America,Fort Leonard Wood,MO_Ft_Lnrd_Wd_AAF,,,
L610,United States of America,Jefferson City,MO_Jefferson_City_Mem,,,
L611,United States of America,Joplin,MO_Joplin_Municipal_AP,,,
L612,United States of America,Kaiser,MO_Kaiser_Mem_(AWOS),,,
L614,United States of America,Kansas City ,MO_Kansas_City_Intl_Arpt,MO_Kansas_City_Downtown_A,,
L615,United States of America,Kirksville,MO_Kirksville_Regional_Ap,,,
L616,United States of America,Poplar Bluff,MO_Poplar_Bluff(AMOS),,,
L617,United States of America,Springfield,MO_Springfield_Regional_A,,,
L618,United States of America,St. Joseph,MO_St_Joseph_Rosecrans_Me,,,
L619,United States of America,St. Louis ,MO_St_Louis_Lambert_Intl,MO_St_Louis_Spirit_Of_St,,
L621,United States of America,Vichy ,MO_Vichy_Rolla_Natl_Arpt,,,
L622,United States of America,Whiteman,MO_Whiteman_AFB,,,
L623,United States of America,Columbus,MS_Columbus_AFB,,,
L624,United States of America,Golden Triangle,MS_Golden_Tri(AWOS),,,
L625,United States of America,Greenville,MS_Greenville_Municipal,,,
L626,United States of America,Greenwood,MS_Greenwood_Leflore_Arpt,,,
L627,United States of America,Gulfport ,MS_Gulfport_Biloxi_Int,,,
L628,United States of America,Hattiesburg,MS_Hattiesburg_Laurel,,,
L629,United States of America,Jackson,MS_Jackson_International,,,
L630,United States of America,Keesler,MS_Keesler_AFB,,,
L631,United States of America,McComb,MS_Mccomb_Pike_County_AP,,,
L632,United States of America,Meridian,MS_Meridian_Key_Field,,,
L633,United States of America,Meridian,MS_Meridian_Naas,,,
L634,United States of America,Natchez,MS_Natchez_Hardy(AWOS),,,
L635,United States of America,Tupelo,MS_Tupelo_C_D_Lemons_Arpt,,,
L636,United States of America,Billings,MT_Billings_Logan_Intl_A,,,
L637,United States of America,Bozeman,MT_Bozeman_Gallatin_Field,,,
L638,United States of America,Butte,MT_Butte_Bert_Mooney_Arpt,,,
L639,United States of America,Cut Bank,MT_Cut_Bank_Muni_AP,,,
L640,United States of America,Glasgow,MT_Glasgow_Intl_Arpt,,,
L641,United States of America,Glendive,MT_Glendive(AWOS),,,
L642,United States of America,Great Falls,MT_Great_Falls_Intl_Arpt,,,
L643,United States of America,Havre,MT_Havre_City-County_AP,,,
L644,United States of America,Helena,MT_Helena_Regional_Airpor,,,
L645,United States of America,Kalispell,MT_Kalispell_Glacier_Pk_I,,,
L646,United States of America,Lewistown,MT_Lewistown_Municipal_Ar,,,
L647,United States of America,Livingston,MT_Livingston_Mission_Fie,,,
L648,United States of America,Miles City,MT_Miles_City_Municipal_A,,,
L649,United States of America,Missoula,MT_Missoula_International,,,
L650,United States of America,Sidney,MT_Sidney-Richland,,,
L651,United States of America,Wolf Point,MT_Wolf_Point_Intl,,,
L652,United States of America,Asheville,NC_Asheville_Regional_Arp,,,
L653,United States of America,Cape Hatteras,NC_Cape_Hatteras_Nws_Bldg,,,
L654,United States of America,Charlotte,NC_Charlotte_Douglas_Intl,,,
L655,United States of America,Cherry Point,NC_Cherry_Point_MCAS,,,
L656,United States of America,Dare County,NC_Dare_Co_Rgnl,,,
L657,United States of America,Elizabeth City,NC_Elizabeth_City_Coast_G,,,
L658,United States of America,Fayetteville,NC_Fayetteville_Pope_AFB,,,
L659,United States of America,Fayetteville,NC_Fayetteville_Rgnl_G,,,
L660,United States of America,Fort Bragg,NC_Fort_Bragg_Simmons_AAF,,,
L661,United States of America,Goldsboro,NC_Goldsboro_Seymour_John,,,
L662,United States of America,Greensboro,NC_Greensboro_Piedmont_Tr,,,
L663,United States of America,Hickory,NC_Hickory_Regional_AP,,,
L664,United States of America,Jacksonville,NC_Jacksonville_(AWOS),,,
L665,United States of America,Kinston,NC_Kinston_Stallings_AFB,,,
L666,United States of America,New Bern,NC_New_Bern_Craven_Co_Reg,,,
L667,United States of America,Jacksonville,NC_New_River_Mcaf,,,
L668,United States of America,Greenville,NC_Pitt_Greenville_Arp,,,
L669,United States of America,Raleigh,NC_Raleigh_Durham_Interna,,,
L670,United States of America,Rocky Mount,NC_Rocky_Mount_Wilson,,,
L671,United States of America,Southern Pines,NC_Southern_Pines_Awos,,,
L672,United States of America,Wilmington,NC_Wilmington_Internation,,,
L673,United States of America,Winston Salem,NC_Winston-Salem_Reynolds,,,
L674,United States of America,Bismarck,ND_Bismarck_Municipal_Arp,,,
L675,United States of America,Devils Lake,ND_Devils_Lake(AWOS),,,
L676,United States of America,Dickinson,ND_Dickinson_Municipal_Ap,,,
L677,United States of America,Fargo,ND_Fargo_Hector_Internati,,,
L679,United States of America,Grand Forks,ND_Grand_Forks_Internatio,ND_Grand_Forks_Af,,
L680,United States of America,Jamestown,ND_Jamestown_Municipal_Ar,,,
L682,United States of America,Minot,ND_Minot_Faa_AP,ND_Minot_AFB,,
L683,United States of America,Williston,ND_Williston_Sloulin_Intl,,,
L684,United States of America,Ainsworth,NE_Ainsworth_Municipal,,,
L685,United States of America,Alliance,NE_Alliance_Municipal,,,
L686,United States of America,Beatrice,NE_Beatrice_Municipal,,,
L687,United States of America,Bellevue,NE_Bellevue_Offutt_AFB,,,
L688,United States of America,Brewster,NE_Brewster_Field_Arpt,,,
L689,United States of America,Broken Bow,NE_Broken_Bow_Muni,,,
L690,United States of America,Chadron,NE_Chadron_Municipal_AP,,,
L691,United States of America,Columbus,NE_Columbus_Muni,,,
L692,United States of America,Falls City,NE_Falls_City_Brenner,,,
L693,United States of America,Fremont,NE_Fremont_Muni_Arpt,,,
L694,United States of America,Grand,NE_Grand_Island_Central_N,,,
L695,United States of America,Hastings,NE_Hastings_Municipal,,,
L696,United States of America,Imperial,NE_Imperial_Faa_AP,,,
L697,United States of America,Kearney,NE_Kearney_Muni_(AWOS),,,
L698,United States of America,Lincoln,NE_Lincoln_Municipal_Arpt,,,
L699,United States of America,McCook,NE_Mccook_Municipal,,,
L700,United States of America,Stefan,NE_Norfolk_Karl_Stefan_Me,,,
L701,United States of America,North Platte,NE_North_Platte_Regional,,,
L702,United States of America,Baker Field,NE_O%60NEILL_Baker_Field,,,
L703,United States of America,Omaha,NE_Omaha_Eppley_Airfield,NE_Omaha_Wsfo,,
L705,United States of America,Ord,NE_Ord_Sharp_Field,,,
L706,United States of America,Scottsbluff,NE_Scottsbluff_W_B_Heilig,,,
L707,United States of America,Sidney,NE_Sidney_Municipal_AP,,,
L708,United States of America,Tekamah,NE_Tekamah_(ASOS),,,
L709,United States of America,Valentine,NE_Valentine_Miller_Field,,,
L710,United States of America,Berlin,NH_Berlin_Municipal,,,
L711,United States of America,Concord,NH_Concord_Municipal_Arpt,,,
L712,United States of America,Keene,NH_Dillant_Hopkins,,,
L713,United States of America,Laconia,NH_Laconia_Muni_(AWOS),,,
L714,United States of America,Lebanon,NH_Lebanon_Municipal,,,
L715,United States of America,Manchester,NH_Manchester_Airport,,,
L716,United States of America,Mount Washington,NH_Mount_Washington,,,
L717,United States of America,Pease,NH_Pease_Intl_Tradepor,,,
L718,United States of America,Atlantic City,NJ_Atlantic_City_Intl_AP,,,
L719,United States of America,Belmar,NJ_Belmar_Asc,,,
L720,United States of America,Caldwell,NJ_Caldwell_Essex_Co.,,,
L721,United States of America,Cape May,NJ_Cape_May_Co,,,
L722,United States of America,McGuire,NJ_Mcguire_AFB,,,
L723,United States of America,Millville,NJ_Millville_Municipal_Ap,,,
L724,United States of America,Newark,NJ_Newark_International_A,,,
L725,United States of America,Teterboro,NJ_Teterboro_Airport,,,
L726,United States of America,Trenton,NJ_Trenton_Mercer_County,,,
L727,United States of America,Albuquerque,NM_Albuquerque_Intl_Arpt,,,
L728,United States of America,Carlsbad,NM_Carlsbad_Cavern_City_A,,,
L729,United States of America,Clayton,NM_Clayton_Municipal_Airp,,,
L730,United States of America,Clovis,NM_Clovis_Cannon_AFB,NM_Clovis_Muni,,
L732,United States of America,Deming,NM_Deming_Muni,,,
L733,United States of America,Farmington,NM_Farmington_Four_Corner,,,
L734,United States of America,Gallup,NM_Gallup_Sen_Clarke_Fld,,,
L735,United States of America,Holloman,NM_Holloman_AFB,,,
L736,United States of America,Las Cruces,NM_Las_Cruces_Intl,,,
L737,United States of America,Las Vegas,NM_Las_Vegas_Municipal_Ar,,,
L738,United States of America,Roswell,NM_Roswell_Industrial_Air,,,
L739,United States of America,Sata Fe ,NM_Sata_Fe_County_Municip,,,
L740,United States of America,Sierra Blanca,NM_Sierra_Blanca_Rgnl,,,
L741,United States of America,Taos,NM_Taos_Muni_Apt(AWOS),,,
L742,United States of America,Truth,NM_Truth_Or_Consequences,,,
L743,United States of America,Tucumcari,NM_Tucumcari_Faa_AP,,,
L744,United States of America,Elko,NV_Elko_Municipal_Arpt,,,
L745,United States of America,Ely,NV_Ely_Yelland_Field,,,
L746,United States of America,Fallon,NV_Fallon_Naas,,,
L747,United States of America,Las Vegas,NV_Las_Vegas_Mccarran_Int,,,
L748,United States of America,Lovelock,NV_Lovelock_Derby_Field,,,
L749,United States of America,Mercury,NV_Mercury_Desert_Rock_Ap,,,
L750,United States of America,Nellis,NV_Nellis_AFB,,,
L751,United States of America,Reno,NV_Reno_Tahoe_Internation,,,
L752,United States of America,Tonopah,NV_Tonopah_Airport,,,
L753,United States of America,Winnemucca,NV_Winnemucca_Municipal_A,,,
L754,United States of America,Adirondack,NY_Adirondack_Rgnl,,,
L755,United States of America,Albany,NY_Albany_County_AP,,,
L756,United States of America,Binghamton,NY_Binghamton_Edwin_A_Lin,,,
L757,United States of America,Buffalo,NY_Buffalo_Niagara_Intl_A,,,
L758,United States of America,Elmira,NY_Elmira_Corning_Regiona,,,
L759,United States of America,Fort Drum,NY_Fort_Drum_Wheeler-S,,,
L760,United States of America,Glens Falls,NY_Glens_Falls_AP,,,
L761,United States of America,Islip,NY_Islip_Long_Isl_MacArth,,,
L762,United States of America,Jamestown,NY_Jamestown_(AWOS),,,
L763,United States of America,Massena,NY_Massena_AP,,,
L764,United States of America,Monticello,NY_Monticello(AWOS),,,
L765,United States of America,New York,NY_New_York_Central_Prk_O,NY_New_York_J_F_Kennedy_I,NY_New_York_J_F_Kennedy_I,
L768,United States of America,Niagara Falls,NY_Niagara_Falls_Af,,,
L769,United States of America,Poughkeepsie,NY_Poughkeepsie_Dutchess,,,
L770,United States of America,Republic,NY_Republic,,,
L771,United States of America,Rochester,NY_Rochester_Greater_Roch,,,
L772,United States of America,Stewart,NY_Stewart_Field,,,
L773,United States of America,Syracuse,NY_Syracuse_Hancock_Intl,,,
L774,United States of America,Utica Oneida,NY_Utica_Oneida_County_Ap,,,
L775,United States of America,Watertown,NY_Watertown_AP,,,
L776,United States of America,Westhampton,NY_Westhampton_Gabreski_A,,,
L777,United States of America,White Plains,NY_White_Plains_Westchest,,,
L778,United States of America,Akron,OH_Akron_Akron-Canton_Reg,,,
L779,United States of America,Burke Lakefront,OH_Burke_Lakefront,,,
L780,United States of America,Cincinnati,OH_Cincinnati_Municipal_A,,,
L781,United States of America,Cleveland,OH_Cleveland_Hopkins_Intl,,,
L782,United States of America,Columbus,OH_Columbus_Port_Columbus,,,
L783,United States of America,Dayton,OH_Dayton_International_A,OH_Dayton_Wright_Patterso,,
L785,United States of America,Findlay,OH_Findlay_Airport,,,
L786,United States of America,Mansfield,OH_Mansfield_Lahm_Municip,,,
L787,United States of America,Columbus,OH_Ohio_State_Universi,,,
L788,United States of America,Toledo,OH_Toledo_Express_Airport,,,
L789,United States of America,Youngstown,OH_Youngstown_Regional_Ai,,,
L790,United States of America,Zanesville,OH_Zanesville_Municipal_A,,,
L791,United States of America,Altus,OK_Altus_AFB,,,
L792,United States of America,Bartlesville,OK_Bartlesville_Philli,,,
L793,United States of America,Clinton,OK_Clinton-Sherman,,,
L794,United States of America,Fort Sill,OK_Fort_Sill_Post_Field_A,,,
L795,United States of America,Gage,OK_Gage_Airport,,,
L796,United States of America,Hobart,OK_Hobart_Municipal_AP,,,
L797,United States of America,Lawton,OK_Lawton_Municipal,,,
L798,United States of America,McAlester,OK_Mcalester_Municipal_Ap,,,
L799,United States of America,Oklahoma City,OK_Oklahoma_City_Tinker_A,OK_Oklahoma_City_Wiley,OK_Oklahoma_City_Will_Rog,
L802,United States of America,Ponca City,OK_Ponca_City_Municipal_A,,,
L803,United States of America,Stillwater,OK_Stillwater_Rgnl,,,
L804,United States of America,Tulsa,OK_Tulsa_International_Ai,,,
L805,United States of America,Vance,OK_Vance_AFB,,,
L806,United States of America,Astoria,OR_Astoria_Regional_Airpo,,,
L807,United States of America,Aurora,OR_Aurora_State,,,
L808,United States of America,Baker City,OR_Baker_Municipal_AP,,,
L809,United States of America,Burns,OR_Burns_Municipal_Arpt,,,
L810,United States of America,Corvallis,OR_Corvallis_Muni,,,
L811,United States of America,Eugene,OR_Eugene_Mahlon_Sweet_Ar,,,
L812,United States of America,Klamath Falls,OR_Klamath_Falls_Intl_AP,,,
L813,United States of America,La Grande,OR_La_Grande_Muni_AP,,,
L814,United States of America,Lakeview,OR_Lakeview_(AWOS),,,
L815,United States of America,Medford,OR_Medford_Rogue_Valley_I,,,
L816,United States of America,North Bend,OR_North_Bend_Muni_Airpor,,,
L817,United States of America,Pendleton,OR_Pendleton_E_Or_Regiona,,,
L819,United States of America,Portland,OR_Portland_International,OR_Portland_Hillsboro,OR_Portland_Troutdale,
L821,United States of America,Redmond,OR_Redmond_Roberts_Field,,,
L822,United States of America,Roseburg,OR_Roseburg_Regional_AP,,,
L823,United States of America,Salem,OR_Salem_Mcnary_Field,,,
L824,United States of America,Grants Pass Area,OR_Sexton_Summit,,,
L825,United States of America,Allentown,PA_Allentown_Lehigh_Valle,,,
L826,United States of America,Altoona,PA_Altoona_Blair_Co_Arpt,,,
L827,United States of America,Bradford,PA_Bradford_Regional_AP,,,
L828,United States of America,Butler,PA_Butler_Co._(AWOS),,,
L829,United States of America,DuBois,PA_Dubois_Faa_AP,,,
L830,United States of America,Erie,PA_Erie_International_AP,,,
L831,United States of America,Franklin,PA_Franklin,,,
L832,United States of America,Harrisburg,PA_Harrisburg_Capital_Cit,,,
L833,United States of America,Johnstown,PA_Johnstown_Cambria_Coun,,,
L834,United States of America,Lancaster,PA_Lancaster,,,
L835,United States of America,Middletown,PA_Middletown_Harrisburg,,,
L836,United States of America,Philadelphia,PA_Philadelphia_Internati,PA_Philadelphia_Ne_Philad,,
L839,United States of America,Pittsburgh,PA_Pittsburgh_Internation,PA_Pittsburgh_Allegheny_C,,
L840,United States of America,Spaatz ,PA_Reading_Spaatz_Field,,,
L841,United States of America,State College,PA_State_College,,,
L842,United States of America,Washington,PA_Washington_(AWOS),,,
L843,United States of America,Avoca,PA_Wilkes-Barre_Scranton,,,
L844,United States of America,Williamsport,PA_Williamsport_Regional,,,
L845,United States of America,Willow Grove,PA_Willow_Grove_NAS,,,
L846,United States of America,Aquadilla,PR_Aquadilla_Borinquen,,,
L847,United States of America,Mayagüez,PR_Eugenio_Maria_De_Ho,,,
L848,United States of America,Mercedita,PR_Mercedita,,,
L849,United States of America,Ceiba,PR_Roosevelt_Roads,,,
L850,United States of America,San Juan,PR_San_Juan_Intl_Arpt,,,
L851,United States of America,Carolina,PR_San_Juan_L_M_Marin_Int,,,
L852,United States of America,Block Island,RI_Block_Island_State_Arp,,,
L853,United States of America,Pawtucket,RI_Pawtucket_(AWOS),,,
L854,United States of America,Warwick,RI_Providence_T_F_Green_S,,,
L855,United States of America,Anderson,SC_Anderson_County_AP,,,
L856,United States of America,Beaufort,SC_Beaufort_MCAS,,,
L857,United States of America,Charleston,SC_Charleston_Intl_Arpt,,,
L858,United States of America,Columbia,SC_Columbia_Metro_Arpt,,,
L859,United States of America,Florence,SC_Florence_Regional_AP,,,
L860,United States of America,Greenville,SC_Greenville_Downtown_Ap,,,
L861,United States of America,Greer,SC_Greer_Greenv'L-Spartan,,,
L862,United States of America,Myrtle Beach,SC_Myrtle_Beach_AFB,,,
L863,United States of America,North Myrtle Beach,SC_North_Myrtle_Beach_Gra,,,
L864,United States of America,Sumter,SC_Sumter_Shaw_AFB,,,
L865,United States of America,Aberdeen,SD_Aberdeen_Regional_Arpt,,,
L866,United States of America,Brookings,SD_Brookings_(AWOS),,,
L867,United States of America,Yankton,SD_Chan_Gurney_Muni,,,
L868,United States of America,Ellsworth,SD_Ellsworth_AFB,,,
L869,United States of America,Huron,SD_Huron_Regional_Arpt,,,
L870,United States of America,Mitchell,SD_Mitchell_(AWOS),,,
L871,United States of America,Mobridge,SD_Mobridge,,,
L872,United States of America,Pierre,SD_Pierre_Municipal_AP,,,
L873,United States of America,Rapid City,SD_Rapid_City_Regional_Ar,,,
L874,United States of America,Sioux Falls,SD_Sioux_Falls_Foss_Field,,,
L875,United States of America,Watertown,SD_Watertown_Municipal_Ap,,,
L876,United States of America,Blountville,TN_Bristol_Tri_City_Airpo,,,
L877,United States of America,Chattanooga,TN_Chattanooga_Lovell_Fie,,,
L878,United States of America,Crossville,TN_Crossville_Memorial_Ap,,,
L879,United States of America,Dyersburg,TN_Dyersburg_Municipal_Ap,,,
L880,United States of America,Jackson,TN_Jackson_Mckellar-Sipes,,,
L881,United States of America,Knoxville,TN_Knoxville_Mcghee_Tyson,,,
L882,United States of America,Memphis,TN_Memphis_International,,,
L883,United States of America,Nashville,TN_Nashville_Internationa,,,
L885,United States of America,Abilene,TX_Abilene_Regional_AP,TX_Abilene_Dyess_AFB,,
L886,United States of America,Alice,TX_Alice_Intl_AP,,,
L887,United States of America,Amarillo,TX_Amarillo_International,,,
L888,United States of America,Austin,TX_Austin_Mueller_Municip,,,
L889,United States of America,Brownsville,TX_Brownsville_S_Padre_Is,,,
L890,United States of America,Austin,TX_Camp_Mabry,,,
L891,United States of America,Childress,TX_Childress_Municipal_Ap,,,
L892,United States of America,College Station,TX_College_Station_Easter,,,
L893,United States of America,Corpus Christi,TX_Corpus_Christi_Intl_Ar,TX_Corpus_Christi_NAS,,
L895,United States of America,Cotulla,TX_Cotulla_Faa_AP,,,
L896,United States of America,Paris,TX_Cox_Fld,,,
L897,United States of America,Dalhart,TX_Dalhart_Municipal_AP,,,
L898,United States of America,Dallas,TX_Dallas-Fort_Worth_Intl,TX_Dallas_Love_Field,TX_Dallas_Redbird_Arpt,
L899,United States of America,Addison,TX_Dallas_Addison_Arpt,,,
L902,United States of America,Del Rio,TX_Del_Rio,TX_Del_Rio_Laughlin_AFB,,
L904,United States of America,Temple,TX_Draughon_Miller_Cen,,,
L905,United States of America,El Paso,TX_El_Paso_International,,,
L906,United States of America,Killeen,TX_Fort_Hood,,,
L907,United States of America,Fort Worth,TX_Fort_Worth_Alliance,TX_Fort_Worth_Meacham,TX_Fort_Worth_NAS,
L910,United States of America,Galveston,TX_Galveston_Scholes,,,
L911,United States of America,Georgetown,TX_Georgetown_(AWOS),,,
L912,United States of America,Greenville,TX_Greenville_Majors,,,
L913,United States of America,Harlingen,TX_Harlingen_Rio_Grande_V,,,
L914,United States of America,Hondo,TX_Hondo_Municipal_AP,,,
L915,United States of America,Houston,TX_Houston_Bush_Intercont,TX_Houston_D.W._Hooks,TX_Houston_Ellington_AFB,TX_Houston_William_P_Hobb
L919,United States of America,Killeen,TX_Killeen_Muni_(AWOS),,,
L920,United States of America,Kingsville,TX_Kingsville,,,
L921,United States of America,Laredo,TX_Laredo_Intl_AP,,,
L922,United States of America,Longview,TX_Longview_Gregg_County,,,
L923,United States of America,Lubbock,TX_Lubbock_International,,,
L924,United States of America,Lufkin,TX_Lufkin_Angelina_Co,,,
L925,United States of America,Marfa,TX_Marfa_AP,,,
L926,United States of America,McGregor,TX_Mc_Gregor_(AWOS),,,
L927,United States of America,McAllen,TX_Mcallen_Miller_Intl_Ap,,,
L928,United States of America,Midland,TX_Midland_International,,,
L929,United States of America,Mineral Wells,TX_Mineral_Wells_Municipa,,,
L930,United States of America,Nacogdoches,TX_Nacogdoches_(AWOS),,,
L931,United States of America,Palacios,TX_Palacios_Municipal_AP,,,
L932,United States of America,Port Arthur,TX_Port_Arthur_Jefferson,,,
L933,United States of America,Universal City,TX_Randolph_AFB,,,
L934,United States of America,Killeen,TX_Robert_Gray_AAF,,,
L935,United States of America,Rockport,TX_Rockport_Aransas_Co,,,
L936,United States of America,San Angelo,TX_San_Angelo_Mathis_Fiel,,,
L937,United States of America,San Antonio,TX_San_Antonio_Intl_AP,TX_San_Antonio_Kelly_Fiel,TX_San_Antonio_Stinson,
L940,United States of America,Tyler,TX_Tyler_Pounds_Fld,,,
L941,United States of America,Victoria,TX_Victoria_Regional_AP,,,
L942,United States of America,Waco,TX_Waco_Regional_AP,,,
L943,United States of America,Wichita,TX_Wichita_Falls_Municipa,,,
L944,United States of America,Wink,TX_Wink_Winkler_County_Ap,,,
L945,United States of America,Blanding,UT_Blanding,,,
L946,United States of America,Bryce Canyon City,UT_Bryce_Cnyn_Faa_AP,,,
L947,United States of America,Cedar City,UT_Cedar_City_Municipal_A,,,
L948,United States of America,Delta,UT_Delta,,,
L949,United States of America,Hanksville,UT_Hanksville,,,
L950,United States of America,Moab,UT_Moab_Canyonlands,,,
L951,United States of America,Ogden,UT_Ogden_Hill_AFB,UT_Ogden_Hinkley_Airport,,
L953,United States of America,Provo,UT_Provo_Muni_(AWOS),,,
L954,United States of America,Saint George,UT_Saint_George_(AWOS),,,
L955,United States of America,Salt Lake City,UT_Salt_Lake_City_Intl_A,,,
L956,United States of America,Vernal,UT_Vernal,,,
L957,United States of America,Wendover,UT_Wendover_Usaf_Auxiliar,,,
L958,United States of America,Abington,VA_Abington,,,
L959,United States of America,Charlottesville,VA_Charlottesville_Faa,,,
L960,United States of America,Danville,VA_Danville_Faa_AP,,,
L961,United States of America,Davison,VA_Davison_AAF,,,
L962,United States of America,Dinwiddie,VA_Dinwiddie_Co,,,
L963,United States of America,Farmville,VA_Farmville,,,
L964,United States of America,Franklin,VA_Franklin_Naas,,,
L965,United States of America,Hillsville,VA_Hillsville,,,
L966,United States of America,Hot Springs,VA_Hot_Springs_Ingalls,,,
L967,United States of America,Hampton,VA_Langley_AFB,,,
L968,United States of America,Leesburg,VA_Leesburg_Godfrey,,,
L969,United States of America,Lynchburg,VA_Lynchburg_Regional_Arp,,,
L970,United States of America,Manassas,VA_Manassas_Muni(AWOS),,,
L971,United States of America,Marion,VA_Marion_Wytheville,,,
L972,United States of America,Martinsville,VA_Martinsville,,,
L973,United States of America,Melfa,VA_Melfa_Accomack_Arpt,,,
L974,United States of America,Newport News,VA_Newport_News,,,
L975,United States of America,Norfolk,VA_Norfolk_International,VA_Norfolk_NAS,,
L977,United States of America,Virginia Beach,VA_Oceana_NAS,,,
L978,United States of America,Pulaski,VA_Pulaski,,,
L979,United States of America,Quantico,VA_Quantico_MCAS,,,
L980,United States of America,Richmond,VA_Richmond_International,,,
L981,United States of America,Roanoke,VA_Roanoke_Regional_AP,,,
L982,United States of America,Fredericksburg,VA_Shannon_Arpt,,,
L983,United States of America,Staunton,VA_Staunton_Shenandoah,,,
L984,United States of America,Blacksburg,VA_Virginia_Tech_Arpt,,,
L985,United States of America,Dulles,VA_Washington_Dc_Dulles_I,,,
L986,United States of America,Arlington,VA_Washington_Dc_Reagan_A,,,
L987,United States of America,Winchester,VA_Winchester_Rgnl,,,
L988,United States of America,Wise,VA_Wise_Lonesome_Pine,,,
L989,United States of America,Charlotte Amalie,VI_Charlotte_Amalie_Harry,,,
L990,United States of America,Burlington,VT_Burlington_Internation,,,
L991,United States of America,Montpelier,VT_Montpelier_AP,,,
L992,United States of America,Rutland,VT_Rutland_State,,,
L993,United States of America,Springfield,VT_Springfield_Hartnes,,,
L994,United States of America,Bellingham,WA_Bellingham_Intl_AP,,,
L995,United States of America,Bremerton,WA_Bremerton_National,,,
L996,United States of America,Ephrata,WA_Ephrata_AP_Fcwos,,,
L997,United States of America,Spokane,WA_Fairchild_AFB,WA_Felts_Fld,,
L999,United States of America,Fort Lewis,WA_Gray_AAF,,,
L1000,United States of America,Hanford,WA_Hanford,,,
L1001,United States of America,Hoquiam,WA_Hoquiam_AP,,,
L1002,United States of America,Kelso,WA_Kelso_Wb_AP,,,
L1003,United States of America,Moses Lake,WA_Moses_Lake_Grant_Count,,,
L1004,United States of America,Olympia,WA_Olympia_Airport,,,
L1005,United States of America,Pasco,WA_Pasco,,,
L1006,United States of America,Moscow,WA_Pullman_Moscow_Rgnl,,,
L1007,United States of America,Quillayute,WA_Quillayute_State_Airpo,,,
L1008,United States of America,Renton,WA_Renton_Muni,,,
L1009,United States of America,Seattle,WA_Seattle_Boeing_Field,WA_Seattle_Seattle-Tacoma,,
L1011,United States of America,Snohomish,WA_Snohomish_Co,,,
L1012,United States of America,Spokane,WA_Spokane_International,,,
L1013,United States of America,Stampede Pass,WA_Stampede_Pass,,,
L1014,United States of America,Tacoma,WA_Tacoma_Mcchord_AFB,WA_Tacoma_Narrows,,
L1016,United States of America,The Dalles,WA_The_Dalles_Municipal_A,,,
L1017,United States of America,Toledo,WA_Toledo-Winlock_Mem,,,
L1018,United States of America,Walla Walla,WA_Walla_Walla_City_Count,,,
L1019,United States of America,Wenatchee,WA_Wenatchee_Pangborn,,,
L1020,United States of America,Oak Harbor,WA_Whidbey_Island_NAS,,,
L1021,United States of America,Port Angeles,WA_William_R_Fairchild,,,
L1022,United States of America,Yakima,WA_Yakima_Air_Terminal,,,
L1023,United States of America,Antigo,WI_Antigo_LANG(AWOS),,,
L1024,United States of America,Appleton,WI_Appleton_Outagamie,,,
L1025,United States of America,Eau Claire,WI_Eau_Claire_County_AP,,,
L1026,United States of America,Green Bay,WI_Green_Bay_Austin_Strau,,,
L1027,United States of America,Janesville,WI_Janesville_Rock_Co.,,,
L1028,United States of America,La Crosse,WI_La_Crosse_Municipal_Ar,,,
L1029,United States of America,Lone Rock,WI_Lone_Rock_Faa_AP,,,
L1030,United States of America,Madison,WI_Madison_Dane_Co_Region,,,
L1031,United States of America,Manitowac,WI_Manitowac_Muni_Awos,,,
L1032,United States of America,Marshfield,WI_Marshfield_Muni,,,
L1033,United States of America,Milwaukee,WI_Milwaukee_Mitchell_Int,,,
L1034,United States of America,Minocqua,WI_Minocqua_Woodruff,,,
L1035,United States of America,Mosinee,WI_Mosinee_Central_Wi,,,
L1036,United States of America,Phillips,WI_Phillips_Price_Co.,,,
L1037,United States of America,Rhinelander,WI_Rhinelander_Oneida,,,
L1038,United States of America,Rice Lake,WI_Rice_Lake_Municipal,,,
L1039,United States of America,Sturgeon Bay,WI_Sturgeon_Bay,,,
L1040,United States of America,Watertown,WI_Watertown,,,
L1041,United States of America,Wausau,WI_Wausau_Municipal_Arpt,,,
L1042,United States of America,Wittman,WI_Wittman_Rgnl,,,
L1043,United States of America,Beckley,WV_Beckley_Raleigh_Co_Mem,,,
L1044,United States of America,Bluefield,WV_Bluefield_Mercer_Co,,,
L1045,United States of America,Charleston,WV_Charleston_Yeager_Arpt,,,
L1046,United States of America,Elkins,WV_Elkins_Elkins-Randolph,,,
L1047,United States of America,Clarksburg,WV_Harrison_Marion_Rgn,,,
L1048,United States of America,Huntington,WV_Huntington_Tri-State_A,,,
L1049,United States of America,Lewisburg,WV_Lewisburg_Greenbrie,,,
L1050,United States of America,Martinsburg,WV_Martinsburg_Eastern_Wv,,,
L1051,United States of America,Morgantown,WV_Morgantown_Hart_Field,,,
L1052,United States of America,Parkersburg,WV_Parkersburg_Wood_Count,,,
L1053,United States of America,Wheeling,WV_Wheeling_Ohio_County_A,,,
L1054,United States of America,Caspe,WY_Casper_Natrona_Co_Intl,,,
L1055,United States of America,Cheyenne,WY_Cheyenne_Municipal_Arp,,,
L1056,United States of America,Cody,WY_Cody_Muni_(AWOS),,,
L1057,United States of America,Evanston,WY_Evanston_Burns_Fld,,,
L1058,United States of America,Gillette,WY_Gillette_Gillette-C,,,
L1059,United States of America,Jackson,WY_Jackson_Hole,,,
L1060,United States of America,Lander,WY_Lander_Hunt_Field,,,
L1061,United States of America,Laramie,WY_Laramie_General_Brees,,,
L1062,United States of America,Rawlins,WY_Rawlins_Municipal_AP,,,
L1063,United States of America,Riverton,WY_Riverton_Municipl_AP,,,
L1064,United States of America,Rock Springs,WY_Rock_Springs_Arpt,,,
L1065,United States of America,Sheridan,WY_Sheridan_County_Arpt,,,
L1066,United States of America,Worland,WY_Worland_Municipal,,,
L1067,Australia,Adelaide,ADELAIDE,,,
L1068,Australia,Brisbane,BRISBANE,,,
L1069,Australia,Coffs Harbour,COFFSHAR,,,
L1070,Australia,Hobart,HOBART,,,
L1071,Australia,Mildura,MILDURA,,,
L1072,Australia,Port Hedland,PORTHEDL,,,
L1073,Australia,Williamtown,WILLIAMT,,,
L1074,Australia,Albany,ALBANY,,,
L1075,Australia,Broome,BROOME,,,
L1076,Australia,Darwin,DARWIN,,,
L1077,Australia,Launceston,LAUNCEST,,,
L1078,Australia,Mount Gambier,MTGAMBIE,,,
L1079,Australia,Rockhampton,ROCKHAMP,,,
L1080,Australia,Alice Springs,ALICESPR,,,
L1081,Australia,Cairns,CAIRNS,,,
L1082,Australia,East Sale,EASTSALE,,,
L1083,Australia,Mackay,MACKAY,,,
L1084,Australia,Nowra,NOWRA,,,
L1085,Australia,Sydney,SYDNEY,,,
L1086,Australia,Canberra,CANBERRA,,,
L1087,Australia,Geraldton,GERALDTO,,,
L1088,Australia,Melbourne,MELBOURN,,,
L1089,Australia,Perth,PERTH,,,
L1090,Australia,Townsville,TOWNSVIL,,,
L1091,United Kingdom,Aberdeen,ABERDEEN,,,
L1092,United Kingdom,Aberporth,ABERPOTH,,,
L1093,United Kingdom,Aldergrove,ALDERGVE,,,
L1094,United Kingdom,Birmingham,BIRMGHAM,,,
L1095,United Kingdom,Bristol,BRISTOL,,,
L1096,United Kingdom,Camborne,CAMBORNE,,,
L1097,United Kingdom,Dundee,DUNDEE,,,
L1098,United Kingdom,Eskdalemuir,ESKDMUIR,,,
L1099,United Kingdom,Glasgow,GLASGOW,,,
L1100,United Kingdom,London Heathrow,HEATHROW,,,
L1101,United Kingdom,Kew (London Kew Gardens),KEW,,,
L1102,United Kingdom,Manchester,MANCHSTR,,,
L1103,United Kingdom,Norwich,NORWICH,,,
L1104,United Kingdom,Newcastle,NWCASTLE,,,
L1105,United Kingdom,Sheffield,SHFFIELD,,,
L1107,Brazil,Sao Paulo,SAOPAU70,,,
L1108,Kuwait,Kuwait City,KUWAITS,,,
L1110,Saudi Arabia,Riyadh,RIYADH83,,,
L1111,Saudi Arabia,Jeddah,JEDDAH80,,,
L1114,Mexico,Mérida,MERIDA91,,,
L1117,Mexico,Mexico City,MEXICO91,,,
L1120,Mexico,Monterrey,MONTER86,,,
L1121,Italy,Bari,BARI,,,
L1122,Italy,Brescia,BRESCIA,,,
L1123,Croatia,Dubrovnik,DUBROV78,,,
L1124,Germany,Frankfurt,FRANKFUR,,,
L1125,Italy,Genoa,GENOVA,,,
L1126,Italy,Milan,MILANO,,,
L1127,Italy,Naples,NAPOLI,,,
L1128,Italy,Palermo,PALERMO,,,
L1129,France,Ravenna,REVENNA,,,
L1130,Croatia,Rijeka,RIJEKA78,,,
L1131,Italy,Rome,ROMA,,,
L1132,France,Trappes,TRAPPES,,,
L1133,Croatia,Zagreb,ZAGTRY,,,
